Team,Conf,G,W,ADJOE,ADJDE,BARTHAG,EFG_O,EFG_D,TOR,Seed,Result
2023_Connecticut,BE,39,31,121.53,91.29,0.96431,53.933,44.45,18.9237,4.0,1.0
2023_Alabama,SEC,37,31,116.115,89.03,0.95482,52.186,41.31,18.7224,1.0,16.0
2023_Houston,Amer,37,33,117.313,90.35,0.95323,52.379,42.72,15.428,1.0,16.0
2023_UCLA,P12,37,31,114.923,88.52,0.95284,51.1146,46.827,14.915,2.0,16.0
2023_Tennessee,SEC,36,25,111.257,87.51,0.94015,49.921,42.83,18.1169,4.0,16.0
2023_Texas,B12,38,29,116.116,91.81,0.93716,53.345,48.166,16.355,2.0,8.0
2023_Purdue,B10,35,29,117.91,93.721,0.93337,51.8101,47.24,17.299,1.0,
2023_Arizona,P12,35,28,119.46,95.434,0.92928,56.53,47.135,18.4208,2.0,
2023_Gonzaga,WCC,37,31,123.21,99.078,0.92519,57.62,51.4228,14.813,3.0,8.0
2023_Saint_Mary_s,WCC,35,27,112.144,90.56,0.92131,52.089,47.135,16.462,5.0,32.0
2023_San_Diego_St_,MWC,39,32,110.861,89.54,0.920511,49.3236,46.52,17.3104,5.0,2.0
2023_Marquette,BE,36,29,118.78,96.041,0.919712,56.07,51.0202,15.326,2.0,32.0
2023_Creighton,BE,37,24,115.021,93.215,0.917713,54.226,47.135,16.668,6.0,8.0
2023_Kansas,B12,36,28,113.831,92.313,0.917714,52.667,47.031,17.5124,1.0,32.0
2023_Duke,ACC,36,27,113.333,92.914,0.907215,51.1146,46.015,18.3192,5.0,32.0
2023_Memphis,Amer,35,26,115.42,95.03,0.903016,53.052,46.724,18.3192,8.0,
2023_Baylor,B12,34,23,121.72,100.6102,0.899217,53.248,51.6239,17.9154,3.0,32.0
2023_West_Virginia,B12,34,19,117.214,97.555,0.893518,51.5117,50.9197,18.5213,9.0,
2023_Arkansas,SEC,36,22,111.945,93.316,0.889419,50.9158,47.24,18.1169,8.0,16.0
2023_Xavier,BE,37,27,118.09,98.574,0.88912,55.213,50.3161,17.299,3.0,16.0
2023_Auburn,SEC,34,21,113.134,94.928,0.882921,49.5223,45.713,17.7141,9.0,32.0
2023_Florida_Atlantic,CUSA,39,35,114.027,95.84,0.881522,54.324,46.116,16.983,9.0,4.0
2023_Texas_A_M,SEC,35,25,113.83,95.738,0.880823,48.8263,48.271,18.3192,7.0,
2023_Kansas_St_,B12,36,26,112.639,94.727,0.880324,52.379,48.166,19.3258,3.0,8.0
2023_Michigan_St_,B10,34,21,114.424,96.445,0.877125,51.7104,48.684,16.462,7.0,16.0
2023_Kentucky,SEC,34,22,115.718,97.76,0.873826,50.6178,48.684,17.4119,6.0,32.0
2023_Miami_FL,ACC,37,29,119.17,100.9109,0.871527,54.324,51.2213,16.147,5.0,4.0
2023_TCU,B12,35,22,111.749,94.626,0.870528,50.0207,48.166,16.771,6.0,32.0
2023_Iowa_St_,B12,33,19,107.0122,90.97,0.867929,49.921,49.9141,19.6274,6.0,
2023_Utah_St_,MWC,35,26,115.419,98.065,0.86703,55.58,48.166,17.6134,10.0,
2023_Maryland,B10,35,22,112.64,95.839,0.865831,50.8165,47.753,16.564,8.0,32.0
2023_Northwestern,B10,34,22,109.776,93.418,0.864232,47.3316,48.479,14.711,7.0,32.0
2023_Virginia,ACC,33,25,110.068,94.024,0.859134,51.2138,48.375,13.65,4.0,
2023_Indiana,B10,35,23,113.136,96.947,0.855735,53.541,47.24,16.877,4.0,32.0
2023_Penn_St_,B10,37,23,117.511,100.7105,0.854836,55.41,49.1103,13.77,10.0,32.0
2023_Iowa,B10,33,19,119.94,103.9171,0.838541,51.7104,53.3307,14.08,8.0,
2023_Boise_St_,MWC,34,24,110.166,95.636,0.836143,51.6112,47.547,16.668,10.0,
2023_USC,P12,33,22,111.848,97.453,0.829846,51.2138,45.411,18.1169,10.0,
2023_N_C__State,ACC,34,23,113.632,99.28,0.827248,51.5117,49.8131,13.54,11.0,
2023_Illinois,B10,33,20,108.992,95.433,0.82165,51.4125,46.724,18.4208,9.0,
2023_Arizona_St_,P12,36,23,108.41,95.029,0.820751,48.4287,46.52,16.877,11.0,
2023_Drake,MVC,35,27,108.893,95.637,0.815553,52.956,46.929,15.529,12.0,
2023_Providence,BE,33,21,114.922,101.2115,0.812855,51.1146,49.7128,16.877,11.0,
2023_VCU,A10,35,27,105.515,93.417,0.802662,52.089,46.929,19.6274,12.0,
2023_Mississippi_St_,SEC,34,21,103.4186,91.811,0.798664,46.7328,46.217,19.4264,11.0,
2023_Missouri,SEC,35,25,117.512,104.5182,0.793965,55.017,52.3277,15.837,7.0,32.0
2023_Iona,MAAC,35,27,110.364,98.37,0.790867,51.6112,46.318,15.118,13.0,
2023_Charleston,CAA,35,31,109.484,97.758,0.78657,51.1146,47.958,16.771,12.0,
2023_Pittsburgh,ACC,36,24,113.135,101.6123,0.774372,52.57,48.583,16.355,11.0,32.0
2023_Kent_St_,MAC,35,28,107.0123,97.048,0.756179,50.8165,47.343,16.355,13.0,
2023_Nevada,MWC,33,22,109.78,99.587,0.75428,50.7171,49.8131,15.326,11.0,
2023_Oral_Roberts,Sum,35,30,111.847,101.6125,0.748783,55.41,48.684,13.31,12.0,
2023_Louisiana,SB,34,26,110.862,101.6121,0.729989,52.858,50.5171,17.7141,13.0,
2023_Princeton,Ivy,32,23,109.188,101.011,0.708393,52.283,48.479,16.564,15.0,16.0
2023_Furman,SC,36,28,112.738,104.8188,0.698496,55.017,50.7183,15.735,13.0,32.0
2023_Vermont,AE,34,23,109.777,102.514,0.687399,54.819,51.0202,14.39,15.0,
2023_Montana_St_,BSky,35,25,105.1155,98.268,0.68711,51.0155,49.8131,17.8145,14.0,
2023_Colgate,Pat,35,26,112.541,106.1215,0.6607109,58.21,52.2272,15.016,15.0,
2023_Kennesaw_St_,ASun,35,26,105.6149,100.398,0.6428115,52.762,51.1208,17.8145,14.0,
2023_Grand_Canyon,WAC,36,24,111.355,106.0212,0.6388116,52.858,47.547,18.1169,14.0,
2023_UC_Santa_Barbara,BW,35,27,110.07,105.7206,0.6125124,54.129,50.1146,17.088,14.0,
2023_Northern_Kentucky,Horz,35,22,102.6205,101.4117,0.5349151,49.125,51.3221,17.3104,16.0,
2023_UNC_Asheville,BSth,35,27,102.3212,103.5164,0.4657184,53.638,48.375,20.1303,15.0,
2023_Texas_A_M_Corpus_Chris,Slnd,35,24,105.8146,107.4246,0.4566187,50.5181,52.629,17.7141,16.0,
2023_Howard,MEAC,35,22,102.7204,106.322,0.4025218,51.8101,50.9197,22.9356,16.0,
2023_Fairleigh_Dickinson,NEC,37,21,106.1136,114.735,0.2909264,51.313,54.7337,16.355,16.0,32.0
2023_Southeast_Missouri_St_,OVC,36,19,99.4275,107.8259,0.2823268,50.1202,51.3221,17.3104,16.0,
2023_Texas_Southern,SWAC,35,14,95.4332,105.42,0.2395293,46.1336,49.6122,20.3313,16.0,
2011_Ohio_St_,B10,37,34,126.01,91.811,0.97421,56.32,48.3126,15.87,1.0,16.0
2011_Kansas,B12,38,35,120.94,91.06,0.96332,57.01,44.511,19.1111,1.0,8.0
2011_Duke,ACC,37,32,120.65,91.58,0.96003,53.717,44.511,17.229,1.0,16.0
2011_Texas,B12,36,28,115.521,90.02,0.94604,50.2108,42.53,17.331,4.0,
2011_Kentucky,SEC,38,29,119.37,93.422,0.94375,52.341,44.29,16.11,4.0,4.0
2011_Pittsburgh,BE,34,28,119.86,94.126,0.94136,52.928,45.118,18.475,1.0,32.0
2011_Wisconsin,B10,34,25,123.13,97.865,0.93337,51.854,48.2122,13.11,4.0,16.0
2011_Notre_Dame,BE,34,27,123.12,98.17,0.93178,53.519,46.762,16.414,2.0,32.0
2011_Purdue,B10,34,26,115.222,92.013,0.92969,50.789,46.035,15.76,3.0,32.0
2011_San_Diego_St_,MWC,35,32,113.729,90.95,0.92901,50.5101,44.18,16.92,2.0,16.0
2011_North_Carolina,ACC,37,29,112.739,90.74,0.924211,49.1168,46.243,18.37,2.0,8.0
2011_Illinois,B10,34,20,114.925,92.516,0.923212,52.928,45.729,19.2116,9.0,32.0
2011_Connecticut,BE,41,32,115.818,93.623,0.920113,48.2211,44.511,17.126,3.0,1.0
2011_Louisville,BE,35,25,111.848,90.63,0.918214,52.635,44.511,19.0106,4.0,
2011_Syracuse,BE,34,26,115.024,93.221,0.917815,53.222,45.221,18.891,3.0,32.0
2011_BYU,MWC,36,31,117.213,95.24,0.915716,51.659,46.762,15.23,3.0,16.0
2011_Florida,SEC,37,29,116.417,95.442,0.908117,52.145,47.28,18.788,2.0,8.0
2011_Washington,P10,35,24,118.49,97.157,0.906618,53.717,46.451,16.817,7.0,32.0
2011_West_Virginia,BE,33,21,115.52,95.238,0.902419,48.5194,45.932,18.891,5.0,32.0
2011_Arizona,P10,38,30,118.78,98.067,0.90042,54.112,48.6136,18.891,5.0,8.0
2011_Kansas_St_,B12,33,22,112.641,93.12,0.898721,49.6141,47.383,21.3246,5.0,32.0
2011_Utah_St_,WAC,33,29,110.659,91.912,0.894222,52.243,43.45,18.475,12.0,
2011_Clemson,ACC,34,22,110.561,91.81,0.893523,50.3105,45.625,20.1172,12.0,
2011_Cincinnati,BE,35,26,111.453,92.617,0.893224,49.4155,45.831,17.95,6.0,32.0
2011_UNLV,MWC,33,24,110.757,92.918,0.882225,50.979,46.035,18.681,8.0,
2011_Michigan,B10,34,20,112.837,94.833,0.880726,52.341,48.9154,16.211,8.0,32.0
2011_Gonzaga,WCC,34,24,111.749,94.428,0.873828,52.537,47.28,19.8152,11.0,32.0
2011_St__John_s,BE,33,21,112.246,94.935,0.872129,49.5147,50.8249,18.578,6.0,
2011_Florida_St_,ACC,34,23,103.7157,88.01,0.868831,49.0175,42.41,22.9312,10.0,16.0
2011_Vanderbilt,SEC,34,23,117.014,99.393,0.868332,52.928,46.035,19.0106,5.0,
2011_Marquette,BE,37,22,115.223,97.864,0.867733,51.076,49.9213,18.054,11.0,16.0
2011_Belmont,ASun,35,30,111.651,94.934,0.866534,54.21,46.14,19.7143,13.0,
2011_Villanova,BE,33,21,114.826,97.863,0.863935,49.5147,46.345,18.054,9.0,
2011_Butler,Horz,37,27,112.245,96.046,0.857836,49.8129,48.1118,16.92,8.0,2.0
2011_Georgetown,BE,32,21,113.234,97.054,0.855137,54.112,46.867,20.8221,6.0,
2011_Temple,A10,34,26,110.263,94.63,0.853438,50.012,46.345,16.312,7.0,32.0
2011_George_Mason,CAA,34,27,112.542,97.156,0.845039,53.222,46.658,17.023,8.0,32.0
2011_Missouri,B12,33,22,113.73,98.377,0.842441,51.564,49.3181,17.023,11.0,
2011_Georgia,SEC,33,21,110.065,95.137,0.841943,49.5147,44.817,20.4196,10.0,
2011_UCLA,P10,34,23,109.273,94.629,0.839844,50.2108,46.345,21.927,7.0,32.0
2011_Penn_St_,B10,34,19,113.135,98.066,0.839545,50.1115,50.7245,17.641,10.0,
2011_USC,P10,34,19,107.987,93.624,0.836047,49.9121,46.243,17.846,11.0,
2011_Xavier,A10,32,24,112.047,97.358,0.834548,51.271,46.555,18.263,6.0,
2011_Richmond,A10,37,29,112.344,97.662,0.833549,53.124,45.118,16.312,12.0,16.0
2011_Tennessee,SEC,34,19,109.371,95.341,0.828651,47.6234,47.9114,19.8152,9.0,
2011_Michigan_St_,B10,33,18,109.274,95.239,0.828252,48.6189,47.8107,20.1172,10.0,
2011_Old_Dominion,CAA,34,27,109.966,96.45,0.820154,48.5194,47.383,20.6207,9.0,
2011_Texas_A_M,B12,32,23,108.877,96.047,0.808958,49.316,46.658,20.3188,7.0,32.0
2011_VCU,CAA,40,28,112.64,99.91,0.799561,51.172,49.2172,17.126,11.0,4.0
2011_Oakland,Sum,34,24,117.91,105.1224,0.788865,55.84,49.5188,18.681,13.0,
2011_UAB,CUSA,31,22,108.483,96.753,0.787766,50.884,45.932,19.3121,12.0,
2011_Princeton,Ivy,31,24,107.299,98.681,0.723482,52.046,47.176,18.788,13.0,
2011_Wofford,SC,34,21,112.343,103.4179,0.720784,53.025,49.8207,18.054,14.0,
2011_Memphis,CUSA,35,25,104.8134,97.36,0.701289,50.5101,46.867,21.927,12.0,
2011_Indiana_St_,MVC,33,19,103.5165,97.359,0.671596,48.8183,46.345,21.425,14.0,
2011_Bucknell,Pat,34,25,104.3145,98.169,0.66981,50.979,45.423,16.92,14.0,
2011_Morehead_St_,OVC,32,22,105.1121,99.899,0.643111,50.695,49.6195,23.3321,13.0,32.0
2011_Akron,MAC,35,22,102.9177,99.29,0.6049121,49.6141,46.762,17.538,15.0,
2011_LIU,NEC,33,27,107.986,104.32,0.5964124,51.949,48.3126,20.1172,15.0,
2011_Northern_Colorado,BSky,30,19,105.9111,102.7157,0.5891128,49.8129,48.8149,21.626,15.0,
2011_Saint_Peter_s,MAAC,34,20,94.9293,92.214,0.5835131,45.5305,42.41,22.9312,14.0,
2011_UC_Santa_Barbara,BW,30,16,102.7183,100.7121,0.555814,51.659,47.383,21.927,15.0,
2011_UNC_Asheville,BSth,31,17,99.8231,100.111,0.4924169,48.9181,47.9114,21.224,16.0,
2011_Boston_University,AE,35,21,103.1174,104.0191,0.4741178,47.3245,46.035,19.0106,16.0,
2011_UTSA,Slnd,31,17,102.9178,105.7231,0.4235192,49.0175,49.1163,19.7143,16.0,
2011_Little_Rock,SB,34,17,100.9216,105.8233,0.3664223,47.8228,50.4231,18.054,16.0,
2011_Hampton,MEAC,32,23,94.2306,99.392,0.354623,45.9296,43.14,18.054,16.0,
2011_Alabama_St_,SWAC,33,15,92.6318,106.724,0.1645312,44.2324,46.762,23.4323,16.0,
2022_Gonzaga,WCC,32,28,120.34,89.99,0.96621,58.72,43.11,15.735,1.0,16.0
2022_Houston,Amer,38,32,116.51,88.56,0.95952,53.144,43.32,16.97,5.0,8.0
2022_Kansas,B12,40,34,119.85,91.313,0.95803,53.83,45.822,17.3101,1.0,1.0
2022_Texas_Tech,B12,37,27,110.541,85.41,0.95094,52.661,45.822,19.8272,3.0,16.0
2022_Baylor,B12,34,27,117.88,91.314,0.94915,52.855,47.878,17.9132,1.0,32.0
2022_Duke,ACC,39,32,122.71,96.053,0.94406,55.69,47.149,15.018,2.0,4.0
2022_Tennessee,SEC,35,27,111.334,87.13,0.94357,50.7136,46.433,17.7121,3.0,32.0
2022_Villanova,BE,38,30,117.29,93.026,0.93458,51.5102,47.356,15.528,2.0,4.0
2022_Arizona,P12,37,33,118.07,93.735,0.93419,55.69,44.48,18.3168,1.0,16.0
2022_UCLA,P12,35,27,115.812,92.22,0.93201,50.6141,47.668,13.24,4.0,16.0
2022_Kentucky,SEC,34,26,119.46,95.444,0.929411,53.144,46.94,16.76,2.0,
2022_Purdue,B10,37,29,121.62,97.586,0.926612,56.55,49.1131,17.5115,3.0,16.0
2022_Iowa,B10,36,26,121.13,97.281,0.926113,53.338,49.7162,13.02,5.0,
2022_Auburn,SEC,34,28,111.73,90.01,0.922714,49.9173,44.14,16.76,2.0,32.0
2022_Texas,B12,34,22,112.524,91.515,0.915115,50.1169,47.047,17.813,6.0,32.0
2022_North_Carolina,ACC,39,29,114.417,93.533,0.911216,51.5102,48.6111,16.449,8.0,2.0
2022_Memphis,Amer,33,22,112.425,92.623,0.902917,52.371,46.637,22.5351,9.0,32.0
2022_Virginia_Tech,ACC,36,23,115.614,95.243,0.902718,55.118,49.0125,17.078,11.0,
2022_Saint_Mary_s,WCC,34,26,109.847,90.511,0.902419,52.759,48.397,17.078,5.0,32.0
2022_Illinois,B10,33,23,111.927,93.025,0.89422,52.566,46.025,18.1151,4.0,32.0
2022_Arkansas,SEC,37,28,108.76,90.712,0.889321,48.624,47.565,16.97,4.0,8.0
2022_LSU,SEC,34,22,106.396,89.78,0.876522,49.4203,45.114,20.7313,6.0,
2022_San_Francisco,WCC,34,24,110.244,93.027,0.874823,53.144,47.149,17.9132,10.0,
2022_Michigan,B10,34,19,113.919,96.262,0.874024,52.176,49.7162,17.3101,11.0,16.0
2022_Connecticut,BE,33,23,113.222,95.952,0.870725,49.6189,46.025,17.3101,5.0,
2022_TCU,B12,34,21,108.663,92.118,0.869726,48.7237,47.463,21.4329,9.0,32.0
2022_San_Diego_St_,MWC,32,23,102.3173,86.92,0.867527,48.7237,44.14,19.3239,8.0,
2022_Indiana,B10,35,21,107.774,91.616,0.865128,50.6141,46.227,17.296,12.0,
2022_Alabama,SEC,33,19,115.216,98.31,0.86113,51.311,49.8168,19.8272,6.0,
2022_Ohio_St_,B10,32,20,115.515,98.5109,0.861131,54.323,47.668,17.188,7.0,32.0
2022_Providence,BE,33,27,111.433,95.546,0.855234,50.0171,46.328,17.078,4.0,16.0
2022_Notre_Dame,ACC,35,24,112.823,96.772,0.854236,54.025,49.0125,15.632,11.0,32.0
2022_Wisconsin,B10,33,25,108.761,93.431,0.851037,47.7276,49.0125,13.02,3.0,32.0
2022_Miami_FL,ACC,37,26,113.621,97.993,0.846738,53.435,52.5284,14.06,10.0,8.0
2022_Loyola_Chicago,MVC,33,25,106.986,92.322,0.844039,55.69,46.94,18.5183,10.0,
2022_Boise_St_,MWC,35,27,107.678,92.924,0.84344,50.7136,48.397,18.4175,8.0,
2022_Michigan_St_,B10,36,23,111.631,96.67,0.840441,52.08,48.182,18.8208,7.0,32.0
2022_Iowa_St_,B12,35,22,101.7184,88.45,0.834543,49.1219,47.979,20.43,11.0,16.0
2022_Davidson,A10,34,27,115.813,101.1148,0.826146,55.69,49.5152,14.816,10.0,
2022_Murray_St_,OVC,34,31,110.045,96.261,0.824147,52.661,48.182,17.188,7.0,32.0
2022_Colorado_St_,MWC,31,25,111.928,98.195,0.819049,54.819,50.1179,15.223,6.0,
2022_Creighton,BE,35,23,104.8123,92.119,0.814951,50.6141,44.912,20.43,9.0,32.0
2022_USC,P12,34,26,108.662,96.259,0.802058,51.2117,44.711,17.9132,7.0,
2022_UAB,CUSA,35,27,111.829,99.112,0.80016,52.855,48.4105,16.449,12.0,
2022_Seton_Hall,BE,32,21,105.4111,93.432,0.799761,47.2288,45.62,17.7121,8.0,
2022_Vermont,AE,34,28,109.748,97.384,0.798063,57.13,47.773,14.713,13.0,
2022_Marquette,BE,32,19,107.773,96.669,0.778568,52.176,47.047,17.296,9.0,
2022_Wyoming,MWC,34,25,107.972,97.383,0.766173,52.371,47.149,17.188,12.0,
2022_Rutgers,B10,32,18,106.692,96.364,0.762675,49.9173,48.6111,17.3101,11.0,
2022_New_Mexico_St_,WAC,34,27,106.01,96.054,0.757276,51.987,45.215,20.8317,12.0,32.0
2022_Chattanooga,SC,35,27,107.381,97.382,0.755977,52.275,49.4143,17.078,13.0,
2022_South_Dakota_St_,Sum,35,30,114.118,103.5209,0.754178,59.21,51.4236,15.325,13.0,
2022_Richmond,A10,37,24,106.985,99.1117,0.707193,51.1119,50.5196,14.39,12.0,32.0
2022_Saint_Peter_s,MAAC,34,22,99.4233,93.128,0.6785104,47.5282,44.27,20.1287,15.0,8.0
2022_Akron,MAC,34,24,105.5109,101.7162,0.6041128,52.566,49.1131,17.7121,13.0,
2022_Colgate,Pat,35,23,107.082,103.2204,0.6024129,55.69,48.912,16.97,14.0,
2022_Georgia_St_,SB,29,18,101.9182,98.4106,0.5988133,44.7346,50.0176,16.657,16.0,
2022_Delaware,CAA,35,22,106.593,103.1202,0.5914135,53.435,49.6156,18.3168,15.0,
2022_Jacksonville_St_,ASun,32,21,104.513,102.2179,0.5639144,53.631,48.182,19.7266,15.0,
2022_Yale,Ivy,31,19,99.4232,97.992,0.5447149,49.7185,48.912,18.3168,14.0,
2022_Montana_St_,BSky,35,27,103.6153,102.5185,0.5307154,53.926,49.4143,18.7198,14.0,
2022_Longwood,BSth,33,25,105.0121,104.5234,0.5129167,50.9128,52.1268,18.8208,14.0,
2022_Cal_St__Fullerton,BW,32,21,102.0179,103.1201,0.4674181,48.9226,51.1226,17.9132,15.0,
2022_Bryant,NEC,32,22,102.9165,104.1223,0.4650184,49.6189,47.668,19.0224,16.0,
2022_Wright_St_,Horz,36,22,104.8124,106.2258,0.4613186,51.798,51.4236,17.7121,16.0,
2022_Norfolk_St_,MEAC,31,24,100.7209,102.9196,0.4372196,50.9128,45.822,20.1287,16.0,
2022_Texas_Southern,SWAC,32,19,96.3288,98.5108,0.4356197,48.2259,45.316,21.4329,16.0,
2022_Texas_A_M_Corpus_Chris,Slnd,35,23,96.4283,102.8192,0.3222252,47.2288,49.0125,19.7266,16.0,
2010_Duke,ACC,40,35,121.81,89.16,0.97311,50.591,43.77,16.516,1.0,1.0
2010_Kansas,B12,36,33,121.02,91.011,0.96342,55.19,43.24,18.788,1.0,32.0
2010_Syracuse,BE,35,30,118.56,91.414,0.95213,57.62,45.949,21.4229,1.0,16.0
2010_Kentucky,SEC,38,35,115.52,89.15,0.95204,53.032,43.13,20.3164,1.0,8.0
2010_Ohio_St_,B10,37,29,118.09,92.823,0.94095,56.14,47.187,17.536,2.0,16.0
2010_Kansas_St_,B12,36,28,116.914,92.018,0.94056,50.687,46.875,19.9141,2.0,8.0
2010_Baylor,B12,35,27,120.44,95.348,0.93677,54.415,44.52,20.3164,3.0,8.0
2010_West_Virginia,BE,38,31,117.312,92.825,0.93618,48.916,46.981,18.362,2.0,4.0
2010_Wisconsin,B10,33,24,116.118,92.119,0.93509,51.462,46.875,14.52,4.0,32.0
2010_Purdue,B10,35,29,109.269,87.73,0.92601,49.1151,44.826,16.312,4.0,16.0
2010_BYU,MWC,35,29,117.71,94.639,0.924811,54.911,46.668,15.96,7.0,32.0
2010_Texas_A_M,B12,33,23,112.342,91.112,0.916912,49.6131,46.774,18.469,5.0,32.0
2010_California,P10,35,24,120.43,97.88,0.916113,53.329,48.3139,17.743,8.0,32.0
2010_Butler,Horz,38,33,109.863,89.67,0.912514,51.08,46.668,18.788,5.0,2.0
2010_Maryland,ACC,32,23,118.37,96.766,0.910115,51.851,45.029,16.312,4.0,32.0
2010_Georgetown,BE,34,23,116.815,95.956,0.906116,55.75,47.499,20.92,3.0,32.0
2010_Clemson,ACC,32,21,111.449,91.516,0.905517,51.175,46.458,21.4229,7.0,
2010_Xavier,A10,35,26,116.616,95.855,0.905218,52.244,45.642,18.054,6.0,16.0
2010_Temple,A10,35,29,108.285,89.04,0.904919,49.1151,43.02,16.818,5.0,
2010_Villanova,BE,33,25,117.511,96.665,0.90462,52.244,47.499,18.996,2.0,32.0
2010_Missouri,B12,34,23,112.143,92.322,0.903921,50.1103,45.949,17.846,10.0,32.0
2010_Texas,B12,34,24,114.129,94.035,0.902622,51.175,44.928,18.362,8.0,
2010_Michigan_St_,B10,37,28,113.532,93.731,0.900423,51.656,46.668,21.0204,5.0,4.0
2010_Utah_St_,WAC,34,26,116.317,96.159,0.898924,55.19,46.153,16.312,12.0,
2010_Minnesota,B10,35,21,114.525,94.741,0.898025,53.131,46.563,19.098,11.0,
2010_Marquette,BE,34,22,115.422,95.55,0.897826,52.834,49.72,15.96,6.0,
2010_Northern_Iowa,MVC,35,30,109.566,90.79,0.896427,49.6131,46.668,17.948,9.0,16.0
2010_Washington,P10,36,26,113.038,93.73,0.895828,49.7128,46.563,17.536,11.0,16.0
2010_Oklahoma_St_,B12,33,22,114.426,95.146,0.893529,52.441,48.1134,18.469,7.0,
2010_Notre_Dame,BE,35,23,120.35,100.4125,0.88863,53.72,49.3177,16.09,6.0,
2010_Georgia_Tech,ACC,35,22,109.862,91.717,0.888531,50.396,44.317,23.2313,10.0,
2010_Florida_St_,ACC,32,22,104.5144,87.32,0.888132,50.591,43.56,24.3327,9.0,
2010_Tennessee,SEC,37,28,109.567,91.515,0.887133,50.687,45.235,18.996,6.0,8.0
2010_UNLV,MWC,33,24,111.647,93.327,0.886434,52.244,45.847,17.228,8.0,
2010_UTEP,CUSA,33,26,108.482,90.91,0.883935,52.834,44.621,18.788,12.0,
2010_Pittsburgh,BE,34,25,111.846,93.729,0.883536,49.6131,44.621,19.4122,3.0,32.0
2010_Gonzaga,WCC,33,26,112.441,95.042,0.874338,54.018,46.875,18.684,8.0,32.0
2010_Old_Dominion,CAA,36,27,108.188,91.313,0.874139,48.8165,45.541,20.1156,11.0,32.0
2010_Vanderbilt,SEC,32,23,114.127,96.563,0.87264,52.639,47.086,19.3116,4.0,
2010_Saint_Mary_s,WCC,33,27,115.919,98.692,0.864542,55.37,46.153,17.124,10.0,16.0
2010_San_Diego_St_,MWC,32,23,111.548,95.349,0.858044,51.752,46.981,20.8189,11.0,
2010_New_Mexico,MWC,35,30,114.823,98.588,0.854345,50.687,49.5191,16.21,3.0,32.0
2010_Louisville,BE,33,20,114.824,98.69,0.852547,51.462,48.5149,20.0148,9.0,
2010_Richmond,A10,35,26,109.171,93.933,0.848448,51.175,44.214,16.92,7.0,
2010_Cornell,Ivy,32,27,118.08,101.9156,0.844349,56.53,48.1134,18.684,12.0,16.0
2010_Florida,SEC,34,21,113.334,98.284,0.83955,49.4139,48.4144,18.576,10.0,
2010_Wake_Forest,ACC,31,20,107.695,93.628,0.831654,47.0251,43.88,21.1208,9.0,32.0
2010_Siena,MAAC,34,27,108.775,96.664,0.796166,49.3142,48.013,17.433,13.0,
2010_Murray_St_,OVC,34,29,107.694,95.652,0.795067,55.28,44.01,21.5238,13.0,32.0
2010_Wofford,SC,34,25,104.8141,95.044,0.754579,49.1151,46.563,18.362,13.0,
2010_Houston,CUSA,34,18,112.54,103.0178,0.735585,48.1197,51.227,12.41,13.0,
2010_Sam_Houston_St_,Slnd,29,21,110.656,101.9158,0.718192,53.72,50.2228,18.893,14.0,
2010_Ohio,MAC,36,21,107.597,100.1118,0.6934102,49.4139,46.875,18.159,14.0,32.0
2010_New_Mexico_St_,WAC,33,21,111.151,105.5232,0.6448114,53.23,51.1267,17.846,12.0,
2010_Montana,BSky,30,20,105.5136,101.2144,0.6181128,54.216,47.611,19.1102,14.0,
2010_UC_Santa_Barbara,BW,29,19,100.6202,97.471,0.5933138,50.784,48.013,22.6289,15.0,
2010_Oakland,Sum,33,24,107.498,104.5212,0.5785141,49.0155,50.3235,19.7132,14.0,
2010_Vermont,AE,35,25,103.5159,101.3147,0.5626148,48.2191,45.029,20.5179,16.0,
2010_East_Tennessee_St_,ASun,34,19,99.1231,98.896,0.5099166,47.7216,48.6154,21.1208,16.0,
2010_Morgan_St_,MEAC,37,27,104.4146,104.3206,0.5029169,47.5227,46.563,19.098,15.0,
2010_Lehigh,Pat,33,22,105.8128,106.3243,0.4846177,51.462,48.7155,18.469,16.0,
2010_North_Texas,SB,31,22,102.717,103.5192,0.476218,50.494,47.8116,21.2219,15.0,
2010_Robert_Morris,NEC,35,23,100.3208,101.415,0.4702183,48.916,46.981,21.926,15.0,
2010_Winthrop,BSth,31,17,90.9322,97.068,0.3217234,41.6344,45.744,18.054,16.0,
2010_Arkansas_Pine_Bluff,SWAC,33,17,91.8315,98.285,0.3159238,44.8315,45.847,24.4329,16.0,
2024_Connecticut,BE,40,37,128.01,91.34,0.97991,56.97,44.43,14.534,1.0,1.0
2024_Houston,B12,37,32,119.615,86.51,0.97662,50.3195,44.02,13.89,1.0,16.0
2024_Purdue,B10,39,34,126.03,94.515,0.96493,55.813,47.538,16.4134,1.0,2.0
2024_Auburn,SEC,35,27,121.01,93.17,0.95344,54.235,43.71,15.156,4.0,
2024_Iowa_St_,B12,37,29,113.653,87.72,0.95175,52.097,47.436,15.468,2.0,16.0
2024_Arizona,P12,36,27,120.512,93.38,0.95016,54.53,48.467,16.0104,2.0,16.0
2024_Tennessee,SEC,36,27,115.931,90.43,0.94557,51.1147,45.35,14.534,2.0,8.0
2024_Duke,ACC,36,27,121.39,95.52,0.93998,54.628,48.678,14.431,4.0,8.0
2024_North_Carolina,ACC,37,29,119.218,94.314,0.93699,51.5126,46.718,14.119,1.0,16.0
2024_Creighton,BE,35,25,121.78,97.132,0.93091,57.33,46.311,15.468,3.0,16.0
2024_Marquette,BE,37,27,118.62,94.916,0.928911,55.02,49.8133,14.327,2.0,16.0
2024_Gonzaga,WCC,35,27,123.65,99.157,0.926912,57.06,47.332,14.015,5.0,16.0
2024_Illinois,B10,38,29,125.74,101.191,0.924713,53.648,48.046,15.051,3.0,8.0
2024_Alabama,SEC,37,25,126.12,102.5121,0.915414,56.31,49.7127,15.995,4.0,4.0
2024_Saint_Mary_s,WCC,34,26,115.335,94.111,0.912415,52.867,45.14,16.0104,5.0,
2024_Baylor,B12,35,24,122.67,101.088,0.902817,55.714,51.4234,17.7216,3.0,32.0
2024_Michigan_St_,B10,35,20,113.355,93.59,0.901518,51.6121,48.046,15.051,9.0,32.0
2024_Texas,B12,34,21,116.629,96.525,0.898019,53.064,48.154,16.9174,7.0,32.0
2024_Clemson,ACC,36,24,117.723,97.434,0.89782,53.944,48.256,14.843,6.0,8.0
2024_Kansas,B12,34,23,113.751,94.213,0.897121,53.55,48.36,16.5143,4.0,32.0
2024_Florida,SEC,36,24,120.511,100.276,0.893622,51.8109,49.3106,15.784,7.0,
2024_Colorado,P12,37,26,118.321,98.645,0.890223,55.415,49.7127,18.1249,10.0,32.0
2024_BYU,B12,34,23,119.814,99.97,0.889724,54.823,48.256,15.364,6.0,
2024_Wisconsin,B10,36,22,118.819,99.159,0.889225,52.288,52.0259,14.947,5.0,
2024_Nebraska,B10,34,23,116.03,96.929,0.888226,53.161,46.718,15.893,8.0,
2024_Kentucky,SEC,33,23,122.76,102.7124,0.886327,57.24,49.6123,14.223,3.0,
2024_San_Diego_St_,MWC,37,26,112.071,94.112,0.880228,49.922,47.332,16.2114,5.0,16.0
2024_New_Mexico,MWC,36,26,113.948,96.023,0.877429,50.5183,48.154,14.015,11.0,
2024_Texas_Tech,B12,34,23,116.925,99.362,0.866932,52.674,49.299,16.5143,6.0,
2024_Texas_A_M,SEC,36,21,117.722,100.071,0.866733,45.734,50.518,14.119,9.0,32.0
2024_Mississippi_St_,SEC,35,21,112.367,95.521,0.865234,51.4139,48.046,18.9299,8.0,
2024_Nevada,MWC,34,26,115.037,98.138,0.861736,53.258,48.467,15.261,10.0,
2024_Northwestern,B10,34,22,115.734,98.851,0.859237,52.674,51.5239,13.47,9.0,32.0
2024_Washington_St_,P12,35,25,112.86,96.726,0.854939,51.8109,47.227,16.4134,7.0,32.0
2024_Colorado_St_,MWC,36,25,112.861,96.828,0.852343,54.235,48.571,15.468,10.0,
2024_Boise_St_,MWC,33,22,113.752,97.835,0.849744,51.0152,49.8133,16.4134,10.0,
2024_TCU,B12,34,21,114.047,98.239,0.848146,51.5126,50.7191,18.0242,9.0,
2024_Dayton,A10,33,25,116.726,100.681,0.847047,56.211,48.36,16.0104,7.0,32.0
2024_N_C__State,ACC,41,26,114.244,99.158,0.836648,50.7169,49.5113,13.89,11.0,4.0
2024_South_Carolina,SEC,34,26,115.038,100.175,0.83095,50.9156,48.467,15.573,6.0,
2024_Drake,MVC,35,28,114.84,100.173,0.828251,54.725,50.8195,13.89,10.0,
2024_Oregon,P12,36,24,114.245,99.768,0.827052,51.9102,51.5239,14.739,11.0,32.0
2024_Florida_Atlantic,Amer,34,25,116.728,102.512,0.816255,54.725,49.6123,16.2114,8.0,
2024_Utah_St_,MWC,35,28,114.939,101.395,0.809158,54.043,49.8133,15.573,8.0,32.0
2024_Virginia,ACC,34,23,104.1207,92.36,0.798862,48.6262,46.617,13.04,10.0,
2024_Grand_Canyon,WAC,35,30,111.28,98.85,0.795463,51.4139,45.89,17.8226,12.0,32.0
2024_James_Madison,SB,36,32,111.873,100.784,0.769774,53.944,47.227,14.947,12.0,32.0
2024_Duquesne,A10,37,25,107.0147,97.031,0.754978,50.0215,48.571,17.4203,11.0,32.0
2024_McNeese_St_,Slnd,34,30,111.082,101.699,0.733487,54.235,48.36,14.015,12.0,
2024_Samford,SC,35,29,112.565,103.1132,0.731289,56.88,50.518,17.8226,13.0,
2024_Yale,Ivy,33,23,109.999,101.192,0.722793,52.191,50.417,14.327,13.0,32.0
2024_Charleston,CAA,35,27,113.85,105.5178,0.704599,52.288,51.2216,14.327,13.0,
2024_UAB,Amer,35,23,113.256,106.6195,0.6668108,50.0215,51.0206,16.8167,12.0,
2024_Vermont,AE,35,28,104.3199,98.748,0.6522113,51.6121,46.821,13.914,13.0,
2024_Oakland,Horz,36,24,108.9112,104.615,0.6132125,51.9102,50.6187,15.995,14.0,32.0
2024_Western_Kentucky,CUSA,34,22,105.5173,101.8103,0.601213,51.7115,48.678,18.4278,15.0,
2024_Morehead_St_,OVC,35,26,107.5138,103.9145,0.5968131,54.235,46.413,18.2263,14.0,
2024_Akron,MAC,35,24,105.2178,102.0105,0.5880137,51.7115,49.194,16.9174,14.0,
2024_South_Dakota_St_,Sum,35,22,108.2127,105.217,0.5815138,55.217,51.3221,16.6152,15.0,
2024_Colgate,Pat,35,25,102.9221,102.9129,0.4985162,53.353,47.943,16.2114,14.0,
2024_Longwood,BSth,35,21,104.1205,105.618,0.4605181,49.1248,51.9255,18.3271,16.0,
2024_Long_Beach_St_,BW,36,21,105.1179,107.7219,0.4317191,48.5265,51.1209,17.1184,15.0,
2024_Montana_St_,BSky,35,17,103.6216,107.121,0.4051206,54.235,52.3277,16.7159,16.0,
2024_Saint_Peter_s,MAAC,33,19,97.0317,101.293,0.3803218,44.6353,47.125,19.2314,15.0,
2024_Stetson,ASun,35,22,107.9134,114.3347,0.3415235,52.867,52.3277,15.995,16.0,
2024_Grambling_St_,SWAC,36,21,98.9288,106.419,0.3020262,48.1275,49.7127,20.033,16.0,
2024_Howard,MEAC,35,18,104.7191,113.6338,0.2800276,51.7115,51.1209,21.2346,16.0,
2024_Wagner,NEC,33,17,96.2325,105.3172,0.2625286,45.1347,48.882,15.784,16.0,
2018_Villanova,BE,40,36,128.71,94.415,0.97251,59.51,48.555,15.013,1.0,1.0
2018_Virginia,ACC,34,31,115.03,87.11,0.96052,52.794,44.33,14.03,1.0,
2018_Duke,ACC,37,29,122.73,93.37,0.95873,55.918,46.412,17.5116,2.0,8.0
2018_Purdue,B10,37,30,123.62,96.134,0.94764,57.75,47.019,15.829,2.0,16.0
2018_Cincinnati,Amer,36,31,112.156,87.92,0.94285,51.2157,43.32,17.073,2.0,32.0
2018_Kansas,B12,39,31,122.54,96.742,0.93816,57.58,49.176,16.652,1.0,4.0
2018_Michigan,B10,41,33,114.734,90.73,0.93727,53.956,47.736,14.03,3.0,2.0
2018_West_Virginia,B12,37,26,121.27,96.235,0.93458,50.4189,49.9118,16.544,5.0,16.0
2018_Michigan_St_,B10,35,30,119.211,94.717,0.93409,56.912,42.71,19.2231,3.0,32.0
2018_Xavier,BE,35,29,121.35,97.755,0.92381,55.918,49.9118,17.285,1.0,32.0
2018_North_Carolina,ACC,37,26,121.08,97.45,0.923611,52.0123,50.1131,16.758,2.0,32.0
2018_Tennessee,SEC,35,26,114.536,92.46,0.921812,50.8173,46.714,17.914,3.0,32.0
2018_Gonzaga,WCC,37,32,117.615,95.221,0.918813,57.011,47.123,16.135,4.0,16.0
2018_Texas_Tech,B12,37,27,113.149,91.84,0.916514,52.0123,46.412,17.8131,3.0,8.0
2018_Ohio_St_,B10,34,25,116.322,94.616,0.914615,54.149,48.761,17.181,5.0,32.0
2018_Florida,SEC,34,21,115.626,94.213,0.912717,50.8173,48.761,14.36,6.0,32.0
2018_Houston,Amer,35,27,115.229,94.314,0.908818,53.375,45.56,17.5116,6.0,32.0
2018_Butler,BE,35,21,116.42,95.727,0.905419,54.054,51.9226,15.726,10.0,32.0
2018_Kentucky,SEC,37,26,116.223,96.032,0.89952,51.8131,46.817,18.618,5.0,16.0
2018_Clemson,ACC,35,25,112.952,93.48,0.897821,52.986,47.227,17.4103,5.0,16.0
2018_Seton_Hall,BE,34,22,118.214,98.566,0.890022,52.986,50.3143,17.8131,8.0,32.0
2018_Creighton,BE,33,21,116.619,97.757,0.883523,57.49,50.1131,15.622,8.0,
2018_TCU,B12,33,21,119.81,100.896,0.879124,56.515,52.3241,17.8131,6.0,
2018_Wichita_St_,Amer,33,25,121.36,103.0143,0.866925,55.125,49.493,16.544,4.0,
2018_Auburn,SEC,34,26,114.339,97.349,0.865026,50.8173,49.7109,16.44,4.0,32.0
2018_Texas_A_M,SEC,35,22,111.559,95.118,0.862827,51.415,46.918,19.2231,7.0,16.0
2018_Florida_St_,ACC,35,23,113.448,96.741,0.862628,53.278,48.45,17.8131,9.0,8.0
2018_Miami_FL,ACC,32,22,113.545,96.844,0.861829,53.181,49.071,16.864,6.0,
2018_Kansas_St_,B12,37,25,109.881,94.011,0.85653,52.61,49.176,17.285,9.0,8.0
2018_Virginia_Tech,ACC,33,21,115.527,98.974,0.855831,57.75,50.4147,17.073,8.0,
2018_Texas,B12,34,19,109.682,94.112,0.853132,50.0203,48.345,17.073,10.0,
2018_Arizona,P12,35,27,117.217,100.794,0.850835,56.316,49.9118,17.5116,4.0,
2018_San_Diego_St_,MWC,33,22,110.576,95.12,0.847536,51.7137,48.658,17.073,11.0,
2018_Arkansas,SEC,35,23,117.018,100.897,0.847137,53.861,50.4147,15.115,7.0,
2018_Loyola_Chicago,MVC,38,32,110.868,95.729,0.842941,57.75,47.431,19.1222,11.0,4.0
2018_Nevada,MWC,37,29,119.113,103.0142,0.841543,54.829,49.493,13.51,7.0,16.0
2018_Missouri,SEC,33,20,111.462,96.438,0.841244,54.149,46.714,20.8312,8.0,
2018_Oklahoma,B12,32,18,114.932,99.884,0.834746,53.571,51.0179,17.397,10.0,
2018_Syracuse,ACC,37,23,106.3134,92.45,0.833647,46.9323,46.21,19.1222,11.0,16.0
2018_Davidson,A10,33,21,117.316,102.7132,0.821751,57.49,51.2191,14.57,12.0,
2018_N_C__State,ACC,33,21,116.025,101.7114,0.819352,53.474,51.6214,16.864,9.0,
2018_Arizona_St_,P12,32,20,116.124,102.513,0.808355,53.861,50.6158,14.79,11.0,
2018_Alabama,SEC,36,20,108.2103,95.73,0.803257,51.9128,47.84,20.3288,9.0,32.0
2018_Providence,BE,35,21,108.892,96.336,0.802059,49.6219,50.3143,17.4103,10.0,
2018_South_Dakota_St_,Sum,35,28,114.243,101.3105,0.798561,54.341,50.0127,14.03,12.0,
2018_Rhode_Island,A10,34,26,110.078,97.654,0.797262,51.1162,50.4147,15.317,7.0,32.0
2018_UCLA,P12,33,21,114.242,101.611,0.794163,53.766,49.176,16.652,11.0,
2018_New_Mexico_St_,WAC,34,28,107.212,95.423,0.791264,51.6141,46.09,17.4103,12.0,
2018_Buffalo,MAC,36,27,114.933,103.1145,0.776666,54.829,48.864,16.544,13.0,32.0
2018_St__Bonaventure,A10,34,26,109.98,100.086,0.747277,51.6141,49.071,16.339,11.0,
2018_Murray_St_,OVC,32,26,111.065,101.1102,0.745178,55.026,47.227,17.6123,12.0,
2018_UNC_Greensboro,SC,35,27,103.7191,95.525,0.721086,51.7137,47.532,19.8269,13.0,
2018_Montana,BSky,34,26,107.0123,98.869,0.716589,51.2157,48.45,17.4103,14.0,
2018_Stephen_F__Austin,Slnd,35,28,104.7171,97.652,0.691896,53.181,49.7109,20.7305,14.0,
2018_Georgia_St_,SB,35,24,109.189,101.8117,0.688897,53.956,47.123,16.758,15.0,
2018_Bucknell,Pat,35,25,108.597,101.8115,0.6770101,53.956,47.84,17.073,14.0,
2018_Penn,Ivy,33,24,104.0186,98.059,0.666211,52.986,47.019,16.652,16.0,
2018_Marshall,CUSA,36,25,108.891,103.0144,0.6515115,54.732,49.9118,17.285,13.0,32.0
2018_Charleston,CAA,34,26,107.0124,104.5172,0.5675136,52.794,49.9118,15.115,13.0,
2018_Wright_St_,Horz,35,25,99.7256,97.551,0.5640138,48.6273,48.345,18.618,14.0,
2018_Lipscomb,ASun,33,23,103.6193,102.1122,0.5411149,51.5146,52.0231,20.0277,15.0,
2018_Iona,MAAC,34,20,109.286,107.9243,0.5341153,53.956,52.5251,16.033,15.0,
2018_UMBC,AE,36,25,102.5207,102.5131,0.4981164,52.2113,51.6214,17.285,16.0,32.0
2018_Cal_St__Fullerton,BW,32,20,102.0223,102.8134,0.4775171,51.6141,48.244,20.7305,15.0,
2018_Radford,BSth,36,23,101.8226,103.2151,0.4604182,49.3236,50.1131,18.719,16.0,
2018_Texas_Southern,SWAC,36,16,105.0161,112.6318,0.309125,50.5186,51.2191,17.285,16.0,
2018_LIU,NEC,35,18,102.2214,110.2285,0.2955257,52.1116,50.0127,19.5254,16.0,
2018_North_Carolina_Central,MEAC,35,19,95.3322,110.529,0.1546324,50.4189,48.555,20.8312,16.0,
2008_Kansas,B12,40,37,122.12,86.42,0.98151,56.65,44.39,19.148,1.0,1.0
2008_Memphis,CUSA,40,38,117.76,86.93,0.97032,52.753,43.45,16.67,1.0,2.0
2008_UCLA,P10,39,35,116.98,87.75,0.96473,52.273,46.535,19.148,1.0,4.0
2008_North_Carolina,ACC,39,36,123.61,92.826,0.96434,53.047,48.29,18.842,1.0,4.0
2008_Wisconsin,B10,36,31,113.336,86.31,0.95805,50.6138,43.45,19.568,3.0,16.0
2008_Louisville,BE,36,27,112.839,87.44,0.94946,53.145,44.17,20.2105,3.0,8.0
2008_Duke,ACC,34,28,116.61,90.81,0.94667,53.638,47.667,18.326,2.0,32.0
2008_Texas,B12,38,31,121.33,94.741,0.94508,51.5106,45.721,14.21,2.0,8.0
2008_Georgetown,BE,34,28,113.732,88.86,0.94509,56.74,41.91,21.318,2.0,32.0
2008_Washington_St_,P10,35,26,114.127,90.78,0.93321,53.734,46.741,17.011,4.0,16.0
2008_Stanford,P10,36,28,113.533,90.79,0.929111,49.817,44.39,18.842,3.0,16.0
2008_Marquette,BE,35,25,114.823,92.018,0.927612,50.6138,46.329,18.739,6.0,32.0
2008_Clemson,ACC,34,24,113.93,91.312,0.926913,51.987,48.185,20.3117,5.0,
2008_Davidson,SC,36,29,115.416,92.625,0.926814,54.123,49.314,17.314,10.0,8.0
2008_Tennessee,SEC,36,31,115.318,92.524,0.926615,52.465,49.1126,18.224,2.0,16.0
2008_Xavier,A10,37,30,116.311,94.235,0.918016,54.614,47.15,19.883,3.0,8.0
2008_Michigan_St_,B10,36,27,115.319,93.629,0.917217,52.658,46.026,21.1168,5.0,16.0
2008_Texas_A_M,B12,36,25,112.838,92.12,0.911818,52.084,44.917,19.253,9.0,32.0
2008_West_Virginia,BE,37,26,114.526,93.63,0.910619,51.411,48.08,16.46,7.0,16.0
2008_Kansas_St_,B12,33,21,115.22,94.437,0.90862,49.518,48.398,20.8153,11.0,32.0
2008_Drake,MVC,33,28,120.04,98.696,0.905321,52.658,50.4195,18.022,5.0,
2008_Purdue,B10,34,25,110.851,91.413,0.901122,49.1195,49.1126,19.148,6.0,32.0
2008_Pittsburgh,BE,37,27,116.97,96.867,0.897923,50.813,47.978,18.224,4.0,32.0
2008_Connecticut,BE,33,24,115.615,95.958,0.896124,50.6138,44.28,19.457,4.0,
2008_Arizona,P10,34,19,116.112,96.463,0.894925,53.929,48.7111,18.634,10.0,
2008_Gonzaga,WCC,33,25,113.435,94.134,0.894926,54.517,45.721,20.7148,7.0,
2008_Notre_Dame,BE,33,25,115.417,96.06,0.892327,52.273,46.638,18.326,5.0,32.0
2008_Butler,Horz,34,30,115.022,95.754,0.891728,54.123,48.08,16.99,7.0,32.0
2008_USC,P10,33,21,110.156,91.815,0.890229,53.34,44.814,21.9213,6.0,
2008_Indiana,B10,33,25,114.824,95.856,0.88903,52.368,47.356,20.095,8.0,
2008_Mississippi_St_,SEC,34,23,108.574,92.017,0.870234,52.273,42.53,21.4182,8.0,32.0
2008_BYU,MWC,35,27,106.7106,90.811,0.864935,53.242,43.24,20.1102,8.0,
2008_Miami_FL,ACC,34,23,112.341,96.061,0.857637,49.2187,47.046,19.046,7.0,32.0
2008_Arkansas,SEC,35,23,111.547,95.451,0.857038,51.987,48.41,21.8204,9.0,32.0
2008_Baylor,B12,32,21,116.69,100.5127,0.84614,51.987,48.398,17.213,11.0,
2008_Oregon,P10,32,18,118.75,102.5168,0.844441,55.87,50.3189,18.43,9.0,
2008_UNLV,MWC,35,27,109.663,94.845,0.840543,48.6214,46.329,16.78,8.0,32.0
2008_Saint_Mary_s,WCC,32,25,108.278,93.832,0.837445,52.465,44.814,19.568,10.0,
2008_Villanova,BE,35,22,108.673,94.438,0.832846,49.1195,51.1224,20.513,12.0,16.0
2008_Oklahoma,B12,35,23,108.279,94.236,0.829947,50.1157,47.046,19.778,6.0,32.0
2008_Western_Kentucky,SB,36,29,110.553,96.464,0.827248,53.638,47.253,20.2105,12.0,16.0
2008_Saint_Joseph_s,A10,34,21,114.625,100.1117,0.824749,54.614,50.6203,19.356,11.0,
2008_Vanderbilt,SEC,34,26,112.142,98.695,0.813854,54.123,49.7159,19.883,4.0,
2008_Kent_St_,MAC,35,28,106.7105,94.539,0.80146,52.561,46.638,22.524,9.0,
2008_Temple,A10,34,21,111.944,99.8113,0.789266,54.123,49.1126,19.148,12.0,
2008_Kentucky,SEC,31,18,107.392,95.855,0.788068,52.753,45.018,23.7293,11.0,
2008_South_Alabama,SB,33,26,111.348,100.3123,0.767974,53.929,48.41,20.6139,10.0,
2008_Oral_Roberts,Sum,33,24,102.9168,93.731,0.747281,49.9166,44.814,19.253,13.0,
2008_George_Mason,CAA,34,23,108.87,99.4105,0.737986,52.368,47.563,18.739,12.0,
2008_Georgia,SEC,34,17,103.9148,95.652,0.72349,47.8251,48.185,21.8204,14.0,
2008_Siena,MAAC,34,23,107.687,100.0115,0.700994,50.5143,51.8249,15.95,13.0,32.0
2008_Cal_St__Fullerton,BW,32,23,109.959,102.6172,0.687898,54.222,52.7281,18.326,14.0,
2008_Winthrop,BSth,34,22,97.1249,91.714,0.6606111,49.6177,46.638,19.883,13.0,
2008_San_Diego,WCC,36,22,100.8191,95.248,0.6583112,49.4182,49.0122,22.1223,13.0,32.0
2008_Portland_St_,BSky,33,23,107.689,102.7173,0.6308119,54.419,50.6203,21.5192,16.0,
2008_Cornell,Ivy,28,22,108.377,104.5202,0.6016126,55.49,49.1126,19.989,14.0,
2008_Boise_St_,WAC,34,25,106.6109,103.2181,0.5936133,57.12,50.3189,21.2175,14.0,
2008_UMBC,AE,33,24,111.15,108.428,0.5701139,51.987,50.8211,14.52,15.0,
2008_Belmont,ASun,34,25,106.6108,104.7209,0.5521145,53.242,51.9251,20.4124,15.0,
2008_American,Pat,33,21,106.2113,105.2219,0.5256155,52.273,47.769,22.524,15.0,
2008_Austin_Peay,OVC,35,24,103.1162,103.6189,0.4869164,51.797,54.2319,18.326,15.0,
2008_Mount_St__Mary_s,NEC,34,19,99.9209,100.8137,0.472817,49.817,47.253,20.8153,16.0,
2008_UT_Arlington,Slnd,33,21,100.919,103.7192,0.4220185,52.368,47.563,24.0301,16.0,
2008_Coppin_St_,MEAC,36,15,92.4312,105.7231,0.1741294,43.5332,50.4195,22.2226,16.0,
2008_Mississippi_Valley_St_,SWAC,33,17,90.7323,105.3221,0.1521307,43.4334,49.8163,21.7202,16.0,
2013_Louisville,BE,40,35,117.08,86.02,0.97181,50.683,44.832,18.378,1.0,1.0
2013_Florida,SEC,37,29,116.99,87.14,0.96702,55.26,43.39,17.85,3.0,8.0
2013_Indiana,B10,36,29,122.02,91.216,0.96603,54.79,44.015,19.3133,1.0,16.0
2013_Gonzaga,WCC,34,31,120.13,91.62,0.95734,54.98,44.933,17.229,1.0,32.0
2013_Syracuse,BE,40,30,113.822,88.46,0.94805,49.0141,42.65,18.9112,4.0,4.0
2013_Michigan,B10,38,30,122.61,95.35,0.94786,54.611,48.0142,14.61,4.0,2.0
2013_Kansas,B12,37,31,112.829,87.65,0.94787,53.324,41.51,20.3192,1.0,16.0
2013_Duke,ACC,36,30,119.54,93.032,0.94728,53.917,45.55,15.64,2.0,8.0
2013_Ohio_St_,B10,37,29,114.714,90.914,0.93579,50.683,45.446,16.21,2.0,8.0
2013_Wisconsin,B10,35,23,108.274,85.91,0.93441,48.6159,43.07,15.75,5.0,
2013_Michigan_St_,B10,35,26,112.431,89.38,0.933811,50.683,44.527,20.8224,3.0,16.0
2013_Georgetown,BE,32,25,108.768,86.53,0.932112,51.171,43.07,20.1178,2.0,
2013_Arizona,P12,35,27,115.711,93.736,0.918013,52.539,46.684,19.5143,6.0,16.0
2013_VCU,A10,36,27,115.013,93.434,0.916114,51.366,49.9226,16.921,5.0,32.0
2013_Pittsburgh,BE,33,24,114.119,92.73,0.915815,51.754,44.629,18.165,8.0,
2013_Miami_FL,ACC,36,29,113.624,92.426,0.914716,51.949,45.758,16.716,2.0,16.0
2013_Saint_Louis,A10,35,28,109.262,88.97,0.914117,50.494,45.55,17.642,4.0,32.0
2013_Creighton,MVC,36,28,117.77,96.469,0.907818,58.21,45.966,18.9112,7.0,32.0
2013_Wichita_St_,MVC,39,30,111.934,92.427,0.899819,50.0104,45.341,19.4137,9.0,4.0
2013_Minnesota,B10,34,21,113.723,94.139,0.89832,49.3125,45.655,21.6264,11.0,32.0
2013_Marquette,BE,35,26,114.02,94.748,0.894421,49.6112,46.273,20.9233,3.0,8.0
2013_Oklahoma_St_,B12,33,24,108.865,90.413,0.894122,48.8149,44.527,18.27,5.0,
2013_Saint_Mary_s,WCC,34,27,115.312,96.468,0.886924,53.72,47.1111,18.378,11.0,
2013_North_Carolina,ACC,35,24,112.73,94.546,0.883225,49.3125,48.0142,17.229,8.0,32.0
2013_Kansas_St_,B12,34,26,114.316,95.961,0.882826,49.1135,47.5125,18.27,4.0,
2013_Missouri,SEC,34,23,114.615,96.672,0.876227,51.27,46.171,18.9112,9.0,
2013_Iowa_St_,B12,35,23,118.35,99.813,0.875728,53.819,48.0142,18.588,10.0,32.0
2013_UNLV,MWC,34,24,105.9112,89.89,0.86903,48.9144,44.117,20.2185,5.0,
2013_Colorado_St_,MWC,33,24,117.86,99.9134,0.869031,49.213,48.6165,17.229,8.0,32.0
2013_San_Diego_St_,MWC,32,21,107.189,90.915,0.868232,48.5168,44.731,18.165,7.0,32.0
2013_Notre_Dame,BE,35,25,114.118,96.975,0.867233,52.244,46.894,17.642,7.0,
2013_Illinois,B10,34,21,110.84,94.242,0.865834,47.5223,48.7171,17.642,7.0,32.0
2013_Oregon,P12,37,28,105.9111,90.112,0.865735,49.3125,46.478,21.4254,12.0,16.0
2013_Memphis,CUSA,36,31,107.583,91.518,0.865036,52.441,45.55,20.7214,6.0,32.0
2013_Cincinnati,BE,34,22,105.5116,89.91,0.864137,46.2272,43.39,19.4137,10.0,
2013_New_Mexico,MWC,35,29,108.273,92.628,0.857739,48.4173,45.966,17.642,3.0,
2013_N_C__State,ACC,35,24,116.41,99.6126,0.85764,54.215,46.894,18.063,8.0,
2013_Butler,A10,35,26,110.445,94.647,0.855541,50.78,46.786,20.2185,6.0,32.0
2013_La_Salle,A10,34,24,113.225,97.791,0.844842,51.949,49.3199,17.127,13.0,16.0
2013_Colorado,P12,33,21,106.1108,91.721,0.842343,48.318,45.966,20.017,10.0,
2013_Middle_Tennessee,SB,34,28,106.697,92.225,0.841544,51.171,44.422,20.7214,11.0,
2013_Villanova,BE,33,19,106.4102,92.124,0.840345,47.3233,47.3114,22.9311,9.0,
2013_UCLA,P12,35,25,111.237,96.367,0.838546,49.1135,47.5125,15.87,6.0,
2013_Oklahoma,B12,32,20,111.835,97.279,0.833848,47.8211,47.412,17.539,10.0,
2013_Mississippi,SEC,36,27,111.236,97.077,0.828351,49.1135,46.478,15.98,12.0,32.0
2013_Boise_St_,MWC,30,19,113.226,98.8112,0.827052,51.852,51.4277,18.484,13.0,
2013_Temple,A10,34,24,111.933,98.3105,0.816255,49.0141,49.0188,15.98,9.0,32.0
2013_California,P12,33,21,106.51,93.937,0.810957,48.0199,44.321,18.9112,12.0,32.0
2013_Belmont,OVC,31,24,110.346,97.484,0.807558,56.52,48.0142,19.6151,11.0,
2013_Davidson,SC,33,25,112.132,99.5124,0.798361,53.126,45.341,17.023,14.0,
2013_Bucknell,Pat,33,27,106.1107,94.443,0.793162,49.6112,42.54,15.12,11.0,
2013_Valparaiso,Horz,33,25,109.953,99.7128,0.755375,55.75,46.273,21.8273,14.0,
2013_Akron,MAC,32,25,104.8124,95.756,0.739181,51.074,44.629,20.8224,12.0,
2013_New_Mexico_St_,WAC,34,23,103.9142,96.67,0.697694,49.3125,45.446,21.9275,13.0,
2013_Florida_Gulf_Coast,ASun,35,24,104.8125,97.586,0.696395,51.657,46.9101,21.0239,15.0,16.0
2013_Iona,MAAC,34,20,114.117,106.2257,0.695096,52.147,51.6286,17.127,15.0,
2013_South_Dakota_St_,Sum,32,22,111.138,105.0234,0.6591106,53.324,51.2269,16.412,13.0,
2013_Harvard,Ivy,29,19,106.794,101.3154,0.6455112,54.314,49.2196,20.8224,14.0,32.0
2013_Pacific,BW,33,20,106.1109,102.5178,0.5967133,50.589,50.0231,17.85,15.0,
2013_Northwestern_St_,Slnd,28,19,106.2105,103.3196,0.5787137,49.0141,47.8134,19.213,14.0,
2013_Albany,AE,35,24,102.6162,100.4141,0.5636145,49.6112,48.3157,21.2247,15.0,
2013_Western_Kentucky,SB,35,19,101.618,101.6162,0.4988166,48.6159,47.914,22.2288,16.0,
2013_Montana,BSky,30,23,103.0152,103.1186,0.4988167,52.931,48.6165,19.1126,13.0,
2013_James_Madison,CAA,36,21,99.9212,100.8145,0.4752178,47.6219,48.7171,17.229,16.0,
2013_Southern,SWAC,30,20,96.9267,98.2103,0.4622182,49.1135,41.92,16.819,16.0,
2013_LIU,NEC,34,20,109.658,112.533,0.4250195,54.412,52.6311,20.3192,16.0,
2013_North_Carolina_A_T,MEAC,36,19,92.0319,97.076,0.3540225,45.7289,45.239,22.7305,16.0,
2013_Liberty,BSth,33,12,101.6181,110.8314,0.2687262,48.5168,47.8134,19.8159,16.0,
2009_Memphis,CUSA,37,33,112.634,84.21,0.96611,50.1122,41.41,18.346,2.0,16.0
2009_North_Carolina,ACC,37,33,123.81,92.724,0.96542,52.845,46.661,16.69,1.0,1.0
2009_Connecticut,BE,36,31,116.316,87.13,0.96523,51.378,42.42,18.138,1.0,4.0
2009_Louisville,BE,37,31,112.832,86.52,0.95514,52.748,44.312,19.9123,1.0,8.0
2009_Pittsburgh,BE,35,30,121.42,93.227,0.95445,52.942,46.555,18.24,1.0,8.0
2009_Missouri,B12,38,31,117.19,91.617,0.94436,52.748,46.349,16.36,3.0,8.0
2009_Kansas,B12,35,27,114.424,90.49,0.93747,53.234,44.08,20.8186,3.0,16.0
2009_West_Virginia,BE,35,23,115.221,91.113,0.93668,48.5189,46.661,18.24,6.0,
2009_UCLA,P10,35,26,120.03,95.046,0.93639,55.74,49.8196,19.07,6.0,32.0
2009_Michigan_St_,B10,38,31,114.025,90.28,0.93631,49.8136,47.281,20.9196,2.0,2.0
2009_Gonzaga,WCC,33,27,116.911,92.519,0.936211,55.26,44.21,16.47,4.0,16.0
2009_Duke,ACC,37,30,117.67,93.329,0.934812,50.5104,47.8105,17.622,2.0,16.0
2009_Oklahoma,B12,36,30,118.64,94.338,0.933413,55.26,45.838,20.1141,2.0,8.0
2009_Villanova,BE,38,30,114.622,91.214,0.932314,50.897,47.386,19.07,3.0,4.0
2009_Syracuse,BE,37,27,117.11,93.533,0.929815,54.416,46.764,20.8186,3.0,16.0
2009_Arizona_St_,P10,35,25,118.06,94.64,0.927316,56.42,47.077,18.655,6.0,32.0
2009_Purdue,B10,37,27,110.159,88.85,0.922817,50.0125,44.19,17.316,5.0,16.0
2009_Washington,P10,34,25,112.437,90.812,0.921618,48.8174,46.867,20.1141,4.0,32.0
2009_Marquette,BE,35,25,117.38,95.955,0.910419,51.283,50.9251,16.711,6.0,32.0
2009_BYU,MWC,32,24,113.826,93.636,0.90462,54.811,45.941,16.58,8.0,
2009_Xavier,A10,35,27,109.963,90.811,0.900521,52.262,43.77,21.7229,4.0,16.0
2009_Clemson,ACC,32,23,116.614,96.566,0.898822,52.845,48.3125,20.2148,7.0,
2009_Texas,B12,35,23,112.339,93.026,0.897623,48.5189,46.043,18.655,7.0,32.0
2009_USC,P10,35,22,110.062,91.516,0.893024,50.897,46.349,21.221,10.0,32.0
2009_Illinois,B10,34,24,106.2102,88.44,0.891925,51.186,44.21,19.493,5.0,
2009_Wake_Forest,ACC,31,24,111.943,93.431,0.888226,52.456,45.23,21.1201,4.0,
2009_Oklahoma_St_,B12,35,23,116.912,97.881,0.886027,54.02,50.2219,17.014,8.0,32.0
2009_Wisconsin,B10,33,20,112.24,94.844,0.874829,49.9131,48.9155,16.69,12.0,32.0
2009_Tennessee,SEC,34,21,115.32,97.573,0.87363,50.994,50.6239,18.655,9.0,
2009_Utah,MWC,33,24,110.258,93.328,0.871731,54.613,45.129,21.0197,5.0,
2009_California,P10,33,22,116.813,99.4117,0.864532,54.02,49.0157,18.029,7.0,
2009_Ohio_St_,B10,33,22,112.733,96.26,0.861433,54.811,47.7101,21.1201,8.0,
2009_Florida_St_,ACC,35,25,105.8106,90.71,0.854739,49.216,44.717,22.9283,5.0,
2009_Arizona,P10,35,21,118.45,101.7159,0.85264,53.039,51.0253,19.493,12.0,16.0
2009_Michigan,B10,34,20,111.446,96.158,0.846542,50.2118,49.0157,18.029,10.0,32.0
2009_Texas_A_M,B12,33,23,113.528,97.982,0.845843,50.4107,48.8148,19.281,9.0,32.0
2009_LSU,SEC,35,27,112.041,96.767,0.845045,49.9131,45.634,17.726,8.0,32.0
2009_Minnesota,B10,32,21,106.599,92.018,0.842646,49.6147,47.077,22.4263,10.0,
2009_Butler,Horz,31,25,109.764,95.148,0.837848,51.768,44.615,20.1141,9.0,
2009_Maryland,ACC,35,21,110.454,96.261,0.828651,47.0245,48.1121,17.622,10.0,32.0
2009_Temple,A10,34,22,108.278,94.845,0.820554,51.186,46.349,19.281,11.0,
2009_VCU,CAA,34,24,108.472,95.249,0.816355,52.065,45.027,19.07,11.0,
2009_Utah_St_,WAC,34,29,116.117,102.017,0.815756,55.74,47.386,18.24,11.0,
2009_Mississippi_St_,SEC,35,22,108.277,96.056,0.79916,50.0125,44.717,19.9123,13.0,
2009_Boston_College,ACC,34,22,113.43,100.7142,0.795162,49.7142,47.492,19.7108,7.0,
2009_Siena,MAAC,35,27,110.356,98.287,0.791464,51.089,49.2166,18.24,9.0,32.0
2009_Cleveland_St_,Horz,34,23,104.513,93.534,0.78107,46.9255,46.452,18.966,13.0,32.0
2009_Dayton,A10,35,27,102.7156,92.722,0.764378,47.0245,45.634,20.5166,11.0,32.0
2009_North_Dakota_St_,Sum,31,24,113.529,102.7185,0.76018,54.218,49.8196,16.813,14.0,
2009_Northern_Iowa,MVC,33,22,109.466,100.013,0.738483,51.67,48.7143,18.55,12.0,
2009_Western_Kentucky,SB,33,24,110.16,102.1173,0.705492,52.456,49.5179,20.1141,12.0,32.0
2009_Akron,MAC,35,22,102.9153,95.653,0.698293,48.1206,45.533,20.7179,13.0,
2009_Stephen_F__Austin,Slnd,28,20,95.2278,89.67,0.6689101,47.4231,42.83,17.828,14.0,
2009_Cal_St__Northridge,BW,30,16,102.4163,97.068,0.6517104,51.67,48.5138,24.432,15.0,
2009_Cornell,Ivy,29,19,107.488,102.1172,0.642011,53.529,46.555,19.598,14.0,
2009_East_Tennessee_St_,ASun,33,22,104.9119,100.3136,0.6271114,50.7101,48.0115,18.966,16.0,
2009_American,Pat,32,24,104.2134,99.9128,0.6181115,53.725,45.23,21.221,14.0,
2009_Portland_St_,BSky,30,20,108.18,105.0239,0.5816129,53.529,51.0253,19.8114,13.0,
2009_Robert_Morris,NEC,35,24,102.0173,100.0131,0.5564141,53.431,48.8148,22.4263,15.0,
2009_Morgan_St_,MEAC,34,22,99.0222,98.8102,0.5055162,46.4268,44.717,19.598,15.0,
2009_Morehead_St_,OVC,34,18,101.019,101.6158,0.4850167,47.8215,48.413,23.2294,16.0,
2009_Binghamton,AE,31,22,101.6178,102.3176,0.480317,49.4151,46.661,19.7108,15.0,
2009_Radford,BSth,30,18,100.1211,101.9164,0.4492186,49.8136,46.97,22.627,16.0,
2009_Alabama_St_,SWAC,30,20,98.9225,102.0171,0.4119204,51.089,43.34,20.5166,16.0,
2009_Chattanooga,SC,33,16,103.0148,107.9284,0.3698218,50.4107,52.7309,21.5218,16.0,
2012_Kentucky,SEC,40,38,123.52,90.49,0.97301,53.813,42.01,17.121,1.0,1.0
2012_Ohio_St_,B10,39,31,117.96,88.12,0.96602,52.156,46.452,17.634,2.0,4.0
2012_Michigan_St_,B10,37,29,114.32,88.33,0.95103,52.74,43.34,19.9156,1.0,16.0
2012_Kansas,B12,39,32,114.122,88.64,0.94844,52.35,43.46,19.2115,2.0,2.0
2012_North_Carolina,ACC,38,32,116.512,90.511,0.94755,49.8138,45.025,16.49,1.0,8.0
2012_Syracuse,BE,37,34,117.78,93.02,0.93726,52.156,44.215,16.17,1.0,8.0
2012_Wisconsin,B10,36,26,114.221,90.41,0.93577,50.1126,42.52,15.02,4.0,16.0
2012_Missouri,B12,35,30,126.21,100.2129,0.93398,58.01,50.1222,15.43,2.0,
2012_Wichita_St_,MVC,32,26,116.81,93.624,0.92749,53.813,44.822,17.945,5.0,
2012_Florida,SEC,37,26,121.83,97.98,0.92511,54.88,47.8116,16.92,7.0,8.0
2012_Indiana,B10,36,27,121.24,98.288,0.918211,55.26,48.1137,19.2115,4.0,16.0
2012_Vanderbilt,SEC,36,25,116.314,94.43,0.916712,54.11,46.976,20.0159,5.0,32.0
2012_Memphis,CUSA,35,26,113.725,92.417,0.915813,54.012,43.46,18.781,8.0,
2012_Georgetown,BE,32,23,111.737,90.712,0.915714,51.473,43.13,19.6136,3.0,32.0
2012_Saint_Louis,A10,33,25,111.836,90.913,0.915115,51.864,45.126,17.945,9.0,32.0
2012_Louisville,BE,40,30,105.7118,86.41,0.910216,47.3242,43.34,20.7201,4.0,4.0
2012_Baylor,B12,37,29,116.413,95.644,0.906317,52.35,47.6105,20.4181,3.0,8.0
2012_Duke,ACC,34,27,117.29,96.961,0.899318,52.838,47.185,17.739,2.0,
2012_New_Mexico,MWC,34,27,110.847,91.614,0.898519,52.838,44.416,20.0159,5.0,32.0
2012_Marquette,BE,35,27,111.242,92.115,0.89792,50.1126,45.43,18.675,3.0,16.0
2012_Florida_St_,ACC,35,25,108.272,90.28,0.890921,51.279,43.78,23.6324,3.0,32.0
2012_Cincinnati,BE,37,26,110.748,92.919,0.883022,48.02,46.246,16.818,6.0,16.0
2012_Gonzaga,WCC,33,26,113.427,95.241,0.882123,53.518,46.662,19.7147,7.0,32.0
2012_Michigan,B10,33,23,114.717,96.963,0.874724,53.423,49.0172,17.634,4.0,
2012_Purdue,B10,35,22,117.87,99.5108,0.874525,51.181,49.921,13.51,10.0,32.0
2012_Iowa_St_,B12,34,23,113.924,96.758,0.867526,52.642,48.6159,18.358,8.0,32.0
2012_Alabama,SEC,33,21,105.512,89.76,0.866227,49.1167,43.78,20.2167,9.0,
2012_Kansas_St_,B12,33,22,109.461,93.222,0.863428,48.9175,46.041,21.224,8.0,32.0
2012_Virginia,ACC,32,22,104.5134,89.15,0.862429,50.799,44.72,18.781,10.0,
2012_UNLV,MWC,33,24,109.264,93.323,0.85893,52.74,46.349,19.2115,6.0,
2012_Temple,A10,31,23,114.023,97.671,0.856931,52.934,48.4149,18.049,5.0,
2012_California,P12,34,24,110.252,94.833,0.850733,51.765,46.559,18.255,12.0,
2012_Belmont,ASun,34,26,116.711,100.3132,0.850134,55.55,48.3146,17.634,14.0,
2012_N_C__State,ACC,37,24,112.63,97.267,0.845335,50.4118,47.185,18.781,11.0,16.0
2012_Connecticut,BE,34,20,111.045,96.251,0.838036,50.0134,44.619,19.098,9.0,
2012_VCU,CAA,36,29,107.487,93.121,0.837137,47.6223,47.398,17.426,12.0,32.0
2012_Creighton,MVC,35,29,119.45,103.72,0.835438,57.82,49.6196,17.739,8.0,32.0
2012_South_Florida,BE,35,21,103.4153,90.17,0.829739,48.319,44.114,22.5295,12.0,32.0
2012_St__Bonaventure,A10,32,20,112.134,97.981,0.82674,50.895,47.185,21.525,14.0,
2012_Harvard,Ivy,30,25,108.77,95.036,0.824641,52.545,45.43,20.4181,12.0,
2012_Murray_St_,OVC,30,28,106.993,93.826,0.819442,53.518,45.636,20.7201,6.0,32.0
2012_Texas,B12,34,20,111.638,97.982,0.818443,48.5183,46.976,18.675,11.0,
2012_West_Virginia,BE,33,19,111.44,97.879,0.816945,48.319,49.8207,19.2115,10.0,
2012_Long_Beach_St_,BW,32,23,109.362,96.656,0.805649,52.35,47.7109,19.1105,12.0,
2012_Saint_Mary_s,WCC,31,25,112.532,99.6112,0.802951,53.325,48.4149,18.151,7.0,
2012_Ohio,MAC,36,28,106.994,94.935,0.798153,48.9175,47.185,19.3123,13.0,16.0
2012_Notre_Dame,BE,34,22,109.954,97.774,0.794756,49.5149,45.839,16.17,7.0,
2012_Xavier,A10,36,23,108.275,96.86,0.78226,49.7142,45.636,18.564,10.0,16.0
2012_BYU,WCC,33,24,104.9126,93.928,0.782161,52.06,47.7109,18.151,14.0,
2012_Davidson,SC,32,24,111.835,100.1124,0.780863,50.991,47.293,17.222,13.0,
2012_South_Dakota_St_,Sum,33,25,112.728,101.1144,0.778065,53.716,50.0216,15.85,14.0,
2012_Colorado,P12,34,22,105.0125,94.631,0.768767,49.5149,46.976,19.6136,11.0,32.0
2012_Iona,MAAC,33,25,114.718,103.7199,0.762068,56.54,51.1253,17.426,14.0,
2012_San_Diego_St_,MWC,32,24,106.3104,96.25,0.760271,50.1126,47.081,18.781,6.0,
2012_Southern_Miss,CUSA,32,23,111.341,100.7137,0.759273,46.228,50.5234,16.49,9.0,
2012_New_Mexico_St_,WAC,34,24,107.88,98.895,0.731782,51.086,48.3146,20.8213,13.0,
2012_Colorado_St_,MWC,32,20,111.439,102.8181,0.716587,53.032,50.3228,19.6136,11.0,
2012_Lehigh,Pat,34,26,107.682,99.3102,0.715888,50.4118,47.293,16.512,15.0,32.0
2012_Montana,BSky,30,23,102.4167,96.454,0.6663107,52.545,45.329,18.564,13.0,
2012_Detroit_Mercy,Horz,34,20,107.585,102.818,0.6250121,48.02,50.9245,19.1105,15.0,
2012_Vermont,AE,36,24,103.9145,100.1123,0.6058128,49.3161,45.532,19.4126,16.0,
2012_UNC_Asheville,BSth,31,21,108.869,104.8215,0.6054129,52.642,51.3259,19.2115,16.0,
2012_Lamar,Slnd,33,21,106.0108,102.4172,0.5989131,46.228,46.976,17.53,16.0,
2012_Loyola_MD,MAAC,33,24,103.5149,100.1126,0.5934135,47.2248,47.8116,20.6191,15.0,
2012_LIU,NEC,34,25,109.363,107.9277,0.5352159,53.226,49.4191,21.4248,16.0,
2012_Norfolk_St_,MEAC,34,25,100.0221,102.1168,0.4401187,49.4154,46.452,21.0226,15.0,32.0
2012_Western_Kentucky,SB,35,16,97.8263,100.012,0.4375189,44.4321,47.4102,22.1272,16.0,
2012_Mississippi_Valley_St_,SWAC,34,21,96.0287,105.1222,0.2612269,46.3276,49.6196,20.6191,16.0,
2014_Louisville,Amer,37,31,119.41,88.22,0.97001,53.53,43.95,15.323,4.0,16.0
2014_Arizona,P12,38,33,116.719,88.11,0.96232,51.773,42.31,15.73,1.0,8.0
2014_Florida,SEC,39,36,116.42,89.13,0.95603,52.259,45.427,17.511,1.0,4.0
2014_Virginia,ACC,37,30,115.226,90.25,0.94294,50.8116,44.27,16.559,1.0,16.0
2014_Wisconsin,B10,38,30,123.24,96.738,0.94225,53.332,47.276,12.72,2.0,4.0
2014_Duke,ACC,35,26,126.41,99.471,0.94106,53.826,49.315,14.61,3.0,
2014_Tennessee,SEC,36,23,118.713,94.017,0.93587,49.8159,46.554,16.87,11.0,16.0
2014_Michigan_St_,B10,38,29,120.16,96.032,0.92978,54.514,45.835,17.4105,4.0,8.0
2014_Wichita_St_,MVC,35,34,117.018,93.613,0.92889,52.447,44.718,16.249,1.0,32.0
2014_Michigan,B10,37,28,125.53,100.689,0.92701,55.78,49.4153,14.815,2.0,8.0
2014_Kansas,B12,35,25,119.78,96.335,0.924111,54.217,47.173,19.1238,2.0,32.0
2014_Villanova,BE,34,29,115.723,93.111,0.923912,53.629,46.349,17.398,2.0,32.0
2014_Pittsburgh,ACC,36,26,117.717,94.72,0.923813,50.7117,46.76,16.353,9.0,32.0
2014_Connecticut,Amer,40,32,113.049,92.09,0.914414,51.582,44.615,17.398,7.0,1.0
2014_UCLA,P12,37,28,119.69,97.346,0.914115,54.12,49.9177,14.58,4.0,16.0
2014_Syracuse,ACC,34,28,114.731,93.512,0.912916,48.2227,48.0108,14.815,3.0,32.0
2014_Creighton,BE,35,27,125.72,102.6126,0.911517,58.91,48.512,15.018,3.0,32.0
2014_Ohio_St_,B10,35,25,108.9108,89.24,0.908218,50.3134,45.223,17.287,6.0,
2014_Iowa,B10,33,20,121.75,99.977,0.905819,51.1104,47.482,15.938,11.0,
2014_Gonzaga,WCC,35,28,114.239,94.016,0.90452,55.21,44.615,17.4105,8.0,32.0
2014_Oklahoma_St_,B12,34,21,116.221,95.528,0.904421,52.447,46.349,14.711,9.0,
2014_Kentucky,SEC,40,29,117.716,96.941,0.903322,49.9149,46.04,18.115,8.0,2.0
2014_San_Diego_St_,MWC,34,29,110.091,91.38,0.894623,46.7285,44.49,15.222,4.0,16.0
2014_VCU,A10,35,26,108.8109,90.56,0.893224,47.9243,47.897,17.287,5.0,
2014_Iowa_St_,B12,36,28,119.111,99.572,0.887425,54.217,47.793,14.58,3.0,16.0
2014_Baylor,B12,36,24,119.77,100.281,0.885726,51.39,48.7125,17.8131,6.0,16.0
2014_North_Carolina,ACC,34,24,113.941,95.424,0.884927,49.9149,47.068,16.973,6.0,32.0
2014_Oklahoma,B12,33,23,118.712,100.28,0.875928,51.773,49.7168,15.73,5.0,
2014_Cincinnati,Amer,34,27,109.2104,92.21,0.875729,47.7248,44.819,17.4105,5.0,
2014_Oregon,P12,34,24,118.714,100.791,0.86883,53.53,49.114,16.143,7.0,32.0
2014_New_Mexico,MWC,34,27,113.447,96.336,0.867531,51.1104,45.021,15.938,7.0,
2014_Harvard,Ivy,31,26,112.654,95.931,0.863733,52.163,46.244,17.6119,12.0,32.0
2014_Saint_Joseph_s,A10,34,24,114.437,98.257,0.851834,53.924,47.897,18.7198,10.0,
2014_Texas,B12,35,24,112.95,97.447,0.845636,47.426,46.554,17.511,7.0,32.0
2014_Memphis,Amer,33,23,113.148,97.651,0.844337,51.967,48.4117,18.6191,8.0,32.0
2014_Saint_Louis,A10,33,26,105.5173,91.17,0.844338,49.6166,44.49,18.6191,5.0,32.0
2014_Kansas_St_,B12,33,20,108.4119,93.614,0.843139,48.7209,45.325,18.5183,9.0,
2014_Stanford,P12,36,23,112.258,97.245,0.838841,51.39,48.0108,17.077,10.0,16.0
2014_Arizona_St_,P12,33,21,110.977,97.144,0.820646,52.447,46.349,16.353,10.0,
2014_Providence,BE,35,22,115.424,101.2101,0.820047,48.3222,48.9131,17.398,11.0,
2014_Dayton,A10,37,26,113.545,99.775,0.81575,52.447,48.8127,18.115,11.0,8.0
2014_Nebraska,B10,32,19,108.8112,95.829,0.812751,48.3222,47.688,16.767,11.0,
2014_George_Washington,A10,33,24,110.878,97.65,0.811352,51.582,47.276,19.0232,9.0,
2014_BYU,WCC,34,22,114.438,101.199,0.805054,50.612,49.114,15.323,10.0,
2014_N_C__State,ACC,36,22,115.425,102.1114,0.802956,50.0144,47.584,15.834,12.0,
2014_Xavier,BE,34,21,112.653,100.282,0.79196,51.773,49.4153,18.7198,12.0,
2014_Massachusetts,A10,33,24,109.696,97.549,0.791961,50.4128,46.657,18.8211,6.0,
2014_Colorado,P12,35,23,107.4134,96.739,0.769165,48.3222,49.4153,19.7264,8.0,
2014_North_Dakota_St_,Sum,30,23,114.634,103.6143,0.761468,54.514,49.8172,15.628,12.0,32.0
2014_Stephen_F__Austin,Slnd,33,30,112.751,102.2115,0.75417,52.353,50.5206,16.973,12.0,32.0
2014_Tulsa,CUSA,34,21,106.2157,96.537,0.752071,49.2186,46.452,16.767,13.0,
2014_Manhattan,MAAC,33,25,106.9142,97.143,0.751873,50.7117,45.427,19.7264,13.0,
2014_New_Mexico_St_,WAC,35,25,112.357,102.6124,0.740276,53.233,44.49,18.7198,13.0,
2014_North_Carolina_Central,MEAC,32,26,108.6114,100.793,0.704692,50.2138,44.49,17.287,14.0,
2014_Mercer,ASun,33,24,110.39,102.4121,0.699594,54.023,46.864,17.511,14.0,32.0
2014_Louisiana,SB,32,20,111.962,105.6183,0.6614111,51.582,50.4202,18.8211,14.0,
2014_Delaware,CAA,35,25,111.467,106.6201,0.623712,50.4128,49.4153,13.44,13.0,
2014_American,Pat,33,20,102.5221,98.256,0.6193121,55.87,46.452,23.1345,15.0,
2014_Eastern_Kentucky,OVC,32,22,112.652,108.5232,0.6039127,56.74,55.7342,15.834,15.0,
2014_Western_Michigan,MAC,32,22,106.016,103.3136,0.5730135,52.066,47.688,20.9316,14.0,
2014_Milwaukee,Horz,34,20,104.9182,104.5159,0.5123164,49.119,49.114,19.9275,15.0,
2014_Albany,AE,34,19,103.5202,103.7145,0.495317,48.8203,48.3116,19.7264,16.0,
2014_Weber_St_,BSky,29,17,106.8146,107.2214,0.4869174,54.12,47.897,19.0232,16.0,
2014_Cal_Poly,BW,32,12,102.6217,105.0169,0.4358194,46.0316,49.315,14.711,16.0,
2014_Wofford,SC,30,17,100.4264,102.8128,0.4308197,48.8203,49.5162,16.456,15.0,
2014_Mount_St__Mary_s,NEC,33,16,107.8125,111.6288,0.401321,51.582,53.5319,16.767,16.0,
2014_Coastal_Carolina,BSth,31,18,98.9281,102.5122,0.3982213,48.0238,47.584,20.2285,16.0,
2014_Texas_Southern,SWAC,33,18,106.9144,113.3318,0.3370243,51.773,50.2193,19.3249,16.0,
2021_Gonzaga,WCC,32,31,125.91,90.911,0.97681,61.01,47.758,16.136,1.0,2.0
2021_Baylor,B12,30,28,124.92,92.925,0.96772,56.56,48.9118,16.554,1.0,1.0
2021_Houston,Amer,32,28,119.16,91.312,0.95543,50.4148,43.92,16.242,2.0,4.0
2021_Illinois,B10,31,24,116.98,90.61,0.94914,55.612,46.529,18.1125,1.0,32.0
2021_Michigan,B10,28,23,116.69,90.69,0.94775,54.724,44.45,16.656,1.0,8.0
2021_Iowa,B10,31,22,123.43,97.276,0.93986,54.724,48.8114,13.31,2.0,32.0
2021_USC,P12,33,25,114.317,90.58,0.93617,52.76,44.97,18.012,6.0,8.0
2021_Colorado,P12,32,23,115.713,92.523,0.92918,52.469,47.966,17.178,5.0,32.0
2021_Alabama,SEC,33,26,111.932,89.73,0.92779,51.79,45.816,18.6156,2.0,16.0
2021_Florida_St_,ACC,25,18,115.214,93.027,0.92111,54.036,46.124,20.425,4.0,16.0
2021_Ohio_St_,B10,31,21,120.44,97.378,0.920411,52.958,48.7108,15.515,2.0,
2021_Wisconsin,B10,31,18,112.528,91.313,0.916612,49.9174,47.966,13.63,9.0,32.0
2021_Loyola_Chicago,MVC,31,26,109.751,89.22,0.915013,55.71,47.245,18.3137,8.0,16.0
2021_Villanova,BE,25,18,118.57,96.869,0.910714,53.248,51.021,13.74,5.0,16.0
2021_Connecticut,BE,23,15,114.118,93.53,0.907915,49.0211,46.733,17.598,7.0,
2021_Texas_Tech,B12,29,18,111.931,91.918,0.906316,49.4194,47.758,16.033,6.0,32.0
2021_San_Diego_St_,MWC,28,23,111.235,91.515,0.904317,52.469,47.554,16.761,6.0,
2021_UCLA,P12,32,22,115.911,95.654,0.902318,52.082,50.4187,15.723,11.0,4.0
2021_Texas,B12,27,19,112.725,93.128,0.899619,52.958,46.02,20.7262,3.0,
2021_West_Virginia,B12,29,19,116.11,96.565,0.89412,48.9217,51.021,16.866,3.0,32.0
2021_LSU,SEC,29,19,119.85,99.5116,0.893921,52.373,48.597,15.618,8.0,32.0
2021_Virginia,ACC,25,18,113.72,94.54,0.893822,55.414,48.073,15.07,4.0,
2021_Creighton,BE,31,22,112.626,93.632,0.892924,55.018,47.039,15.723,5.0,16.0
2021_BYU,WCC,27,20,112.923,94.035,0.892225,54.921,46.938,19.0175,6.0,
2021_Arkansas,SEC,32,25,109.847,91.414,0.891226,50.7128,47.966,17.178,3.0,8.0
2021_Tennessee,SEC,27,18,107.78,90.04,0.887227,49.6189,46.325,18.2131,5.0,
2021_Purdue,B10,28,18,112.33,94.337,0.882029,51.0119,48.8114,18.6156,4.0,
2021_Oregon,P12,28,21,115.912,97.581,0.88003,54.33,50.8199,16.761,7.0,16.0
2021_Kansas,B12,30,21,108.859,91.617,0.878331,49.4194,48.073,17.178,3.0,32.0
2021_Georgia_Tech,ACC,26,17,113.819,96.26,0.873633,54.134,52.4267,16.136,9.0,
2021_Maryland,B10,31,17,111.933,94.946,0.869734,53.248,48.7108,16.761,10.0,32.0
2021_St__Bonaventure,A10,21,16,109.846,93.329,0.867035,49.818,45.511,16.451,9.0,
2021_Oklahoma_St_,B12,30,21,108.562,92.322,0.865936,51.2105,47.143,20.9273,4.0,32.0
2021_North_Carolina,ACC,29,18,109.155,93.026,0.861537,48.3249,49.1125,20.425,8.0,
2021_Syracuse,ACC,28,18,113.421,96.868,0.860238,51.2105,48.073,16.451,11.0,16.0
2021_Florida,SEC,25,15,110.244,94.439,0.855939,53.152,47.863,21.2287,7.0,32.0
2021_Oklahoma,B12,27,16,111.734,95.856,0.85494,50.8123,49.1125,15.723,8.0,32.0
2021_Missouri,SEC,26,16,111.236,95.653,0.850541,50.8123,48.597,18.7163,9.0,
2021_Rutgers,B10,28,16,106.794,92.12,0.844942,50.1165,47.347,16.866,10.0,32.0
2021_Clemson,ACC,24,16,105.9105,91.516,0.842143,50.0169,48.7108,19.4191,7.0,
2021_VCU,A10,26,19,104.5123,90.36,0.842144,50.9121,45.816,20.7262,10.0,
2021_Utah_St_,MWC,29,20,104.3126,90.47,0.839346,49.818,45.613,20.1234,11.0,
2021_Virginia_Tech,ACC,22,15,109.553,95.047,0.83685,52.373,48.9118,17.39,10.0,
2021_Georgetown,BE,26,13,108.761,94.744,0.829452,49.4194,48.9118,21.5299,12.0,
2021_Oregon_St_,P12,33,20,111.138,96.871,0.829253,49.0211,48.6103,17.6102,12.0,8.0
2021_Michigan_St_,B10,28,15,106.893,94.743,0.800459,48.1257,48.073,18.8167,11.0,
2021_Wichita_St_,Amer,22,16,108.465,97.379,0.774869,47.1288,47.039,15.829,11.0,
2021_UC_Santa_Barbara,BW,27,22,108.464,97.584,0.77137,52.662,47.863,16.451,12.0,
2021_Ohio,MAC,25,17,110.541,99.612,0.768074,54.724,50.8199,17.178,13.0,32.0
2021_Drake,MVC,31,26,110.74,100.6138,0.751479,53.444,48.387,15.312,11.0,
2021_Colgate,Pat,16,14,110.442,100.4135,0.74948,56.65,45.816,14.75,14.0,
2021_North_Texas,CUSA,28,18,105.7107,96.263,0.748181,53.84,46.428,19.9223,13.0,32.0
2021_Eastern_Washington,BSky,24,16,109.554,101.115,0.71309,54.232,48.073,16.656,14.0,
2021_Winthrop,BSth,25,23,104.7119,97.174,0.703394,52.662,49.1125,19.3185,12.0,
2021_Liberty,ASun,29,23,109.056,101.2153,0.701796,56.93,47.863,16.033,13.0,
2021_Grand_Canyon,WAC,24,17,104.4124,97.175,0.69601,52.566,45.511,20.0227,15.0,
2021_Abilene_Christian,Slnd,29,24,100.5202,93.733,0.6932102,51.2105,46.02,19.2183,14.0,32.0
2021_UNC_Greensboro,SC,30,21,101.9172,97.586,0.6234115,47.9264,48.286,15.618,13.0,
2021_Oral_Roberts,Sum,29,18,107.875,104.3216,0.5942123,53.056,50.1175,15.515,15.0,16.0
2021_Morehead_St_,OVC,31,23,100.1209,98.09,0.5617134,52.277,47.452,23.1333,14.0,
2021_Iona,MAAC,18,12,100.9195,99.0106,0.5550135,50.7128,46.02,22.5326,15.0,
2021_Drexel,CAA,20,12,106.795,104.8232,0.5515138,53.345,50.1175,19.4191,16.0,
2021_Cleveland_St_,Horz,27,19,100.5203,101.8162,0.4624181,50.5138,49.1125,18.6156,15.0,
2021_Hartford,AE,24,15,97.1264,99.1109,0.4399185,49.9174,47.758,19.6204,16.0,
2021_Norfolk_St_,MEAC,25,17,98.2245,102.2176,0.3868204,48.7226,47.554,17.6102,16.0,
2021_Texas_Southern,SWAC,26,17,98.125,103.4199,0.3537215,47.7273,46.837,20.8269,16.0,
2021_Mount_St__Mary_s,NEC,23,12,95.3286,100.9143,0.3409222,48.6234,45.41,20.1234,16.0,
2021_Appalachian_St_,SB,29,17,97.6259,103.6207,0.3348228,46.9293,50.0169,17.7107,16.0,
2016_Villanova,BE,40,35,124.02,92.06,0.96881,56.18,46.741,16.355,2.0,1.0
2016_Kansas,B12,37,32,121.68,91.44,0.96392,55.71,45.116,17.8151,1.0,8.0
2016_Virginia,ACC,37,29,120.89,92.17,0.95743,54.817,48.494,15.113,1.0,8.0
2016_North_Carolina,ACC,40,33,124.31,96.127,0.95074,52.653,48.183,15.421,1.0,2.0
2016_Kentucky,SEC,36,27,123.93,96.33,0.94775,53.539,44.56,16.249,4.0,32.0
2016_Michigan_St_,B10,35,29,123.44,97.139,0.94056,56.37,43.33,17.6133,2.0,
2016_West_Virginia,B12,35,26,115.726,91.65,0.93617,49.8174,48.494,20.0291,3.0,
2016_Oklahoma,B12,37,29,119.112,94.517,0.93478,54.322,47.255,18.3193,2.0,4.0
2016_Purdue,B10,35,26,118.119,94.415,0.92989,53.635,44.34,17.7139,5.0,
2016_Wichita_St_,MVC,34,25,111.171,89.01,0.92771,48.9221,44.71,14.79,11.0,32.0
2016_Gonzaga,WCC,35,27,118.417,95.625,0.921112,55.213,44.812,17.11,11.0,16.0
2016_Xavier,BE,34,28,117.82,95.324,0.919313,51.4105,47.873,17.4117,2.0,32.0
2016_Miami_FL,ACC,35,27,120.31,97.749,0.916514,54.223,48.39,16.569,3.0,16.0
2016_Indiana,B10,35,27,122.15,99.573,0.913615,58.71,49.8167,19.6272,5.0,16.0
2016_Oregon,P12,37,30,119.111,97.14,0.912716,52.36,48.9113,16.144,1.0,8.0
2016_Vanderbilt,SEC,33,19,115.229,94.313,0.909617,52.948,43.12,16.883,11.0,
2016_Texas_A_M,SEC,37,28,113.939,93.31,0.908418,51.2114,47.462,17.4117,3.0,16.0
2016_Duke,ACC,36,25,121.97,100.082,0.907519,53.734,49.514,14.34,4.0,16.0
2016_Iowa_St_,B12,35,23,122.16,100.287,0.90682,57.15,49.8167,15.73,4.0,16.0
2016_Arizona,P12,34,25,116.822,96.836,0.896821,53.635,46.228,18.2182,6.0,
2016_California,P12,34,23,113.245,93.912,0.896422,52.261,44.34,17.7139,4.0,
2016_Seton_Hall,BE,34,25,111.563,92.58,0.895623,49.8174,45.418,19.4259,6.0,
2016_Iowa,B10,33,22,115.627,96.835,0.885225,51.3108,48.08,14.811,7.0,32.0
2016_Butler,BE,33,22,119.113,99.879,0.884426,52.653,49.7162,14.57,9.0,32.0
2016_Maryland,B10,35,26,116.024,97.545,0.880028,55.213,46.532,18.9232,5.0,16.0
2016_Syracuse,ACC,37,23,112.555,94.721,0.878629,50.0161,47.359,18.1176,10.0,4.0
2016_VCU,A10,36,25,112.949,95.223,0.87733,51.0127,49.2127,16.355,10.0,32.0
2016_Utah,P12,35,26,116.523,98.457,0.875231,55.115,48.08,18.2182,3.0,32.0
2016_Baylor,B12,33,21,118.915,100.51,0.873432,51.695,51.2235,18.6211,5.0,
2016_Connecticut,Amer,36,25,111.465,94.62,0.867433,51.599,44.56,16.355,9.0,32.0
2016_Pittsburgh,ACC,32,20,114.931,97.952,0.863135,51.1122,50.0177,17.5126,10.0,
2016_Cincinnati,Amer,33,22,111.073,94.619,0.861936,49.3199,45.623,16.355,9.0,
2016_Saint_Joseph_s,A10,36,28,115.13,98.759,0.854837,51.2114,48.183,14.34,8.0,32.0
2016_Texas,B12,33,20,112.851,97.138,0.849539,49.4193,47.769,15.421,6.0,
2016_Wisconsin,B10,35,22,109.593,94.518,0.844441,48.5234,48.183,17.11,7.0,16.0
2016_USC,P12,34,21,114.533,99.88,0.830246,52.261,47.359,16.675,8.0,
2016_Providence,BE,35,24,110.384,96.329,0.827047,48.0251,49.3133,16.144,9.0,32.0
2016_Stephen_F__Austin,Slnd,30,24,111.072,97.037,0.825148,54.817,49.514,17.7139,14.0,32.0
2016_Yale,Ivy,29,22,110.088,96.532,0.81885,52.261,46.741,19.9284,12.0,32.0
2016_Notre_Dame,ACC,36,24,119.014,104.417,0.817551,54.029,49.514,15.318,6.0,8.0
2016_Michigan,B10,35,22,114.237,100.393,0.816552,54.52,51.4244,14.57,11.0,
2016_Texas_Tech,B12,32,19,113.742,100.083,0.813454,50.0161,49.6153,17.8151,8.0,
2016_Dayton,A10,33,25,106.3148,93.611,0.811755,51.695,46.949,18.6211,7.0,
2016_Northern_Iowa,MVC,35,22,110.78,97.647,0.808856,53.244,48.7105,15.216,11.0,32.0
2016_Colorado,P12,33,21,108.6109,96.228,0.802058,48.424,46.845,18.8223,8.0,
2016_Hawaii,BW,32,26,107.8116,96.026,0.79216,51.977,44.914,18.1176,13.0,32.0
2016_Oregon_St_,P12,31,18,110.977,99.269,0.782664,49.8174,49.514,16.675,7.0,
2016_Little_Rock,SB,33,28,108.6108,97.342,0.781066,51.977,45.924,15.627,12.0,32.0
2016_Tulsa,Amer,32,20,110.481,100.7104,0.741178,50.3147,48.289,15.627,11.0,
2016_South_Dakota_St_,Sum,32,24,111.564,102.0128,0.73618,51.3108,48.08,17.11,12.0,
2016_Temple,Amer,33,21,107.213,98.658,0.724085,47.029,46.431,13.82,10.0,
2016_UNC_Wilmington,CAA,31,23,110.482,101.9127,0.713892,51.2114,47.565,15.937,13.0,
2016_Cal_St__Bakersfield,WAC,30,21,104.6169,96.633,0.713693,49.3199,45.217,18.2182,15.0,
2016_Iona,MAAC,33,22,110.287,103.0142,0.6834105,53.832,48.8109,17.6133,13.0,
2016_Fresno_St_,MWC,33,23,107.2127,101.1112,0.662211,48.424,48.8109,15.113,14.0,
2016_Stony_Brook,AE,31,24,105.7157,100.392,0.6466113,52.261,47.667,17.3112,13.0,
2016_Chattanooga,SC,33,27,106.6137,101.8125,0.6296116,51.787,50.5195,18.0167,12.0,
2016_Middle_Tennessee,CUSA,33,23,104.8167,100.394,0.6236118,51.787,49.4137,17.11,15.0,32.0
2016_Buffalo,MAC,34,19,106.1151,103.415,0.5752134,49.6187,49.8167,18.8223,14.0,
2016_Green_Bay,Horz,34,21,107.9113,105.1183,0.5740136,49.8174,51.525,15.831,14.0,
2016_Weber_St_,BSky,32,23,102.7198,100.496,0.564414,54.52,47.462,19.6272,15.0,
2016_UNC_Asheville,BSth,32,20,102.3204,100.5101,0.5500145,49.6187,49.3133,18.6211,15.0,
2016_Florida_Gulf_Coast,ASun,31,17,103.8183,103.1144,0.5198155,51.599,47.769,17.2108,16.0,
2016_Austin_Peay,OVC,34,16,104.517,110.0273,0.3575226,51.3108,53.8327,20.2296,16.0,
2016_Southern,SWAC,32,19,100.0265,107.0215,0.3142249,48.5234,47.976,16.355,16.0,
2016_Hampton,MEAC,31,20,99.3276,108.3245,0.2688265,46.7295,48.6102,18.722,16.0,
2016_Holy_Cross,Pat,35,15,98.0296,107.6228,0.2527274,47.9256,53.2311,16.883,16.0,
2016_Fairleigh_Dickinson,NEC,32,17,104.1177,116.3341,0.2179288,51.2114,52.4292,17.7139,16.0,
2019_Gonzaga,WCC,37,33,124.41,91.08,0.97321,59.01,44.27,14.914,1.0,8.0
2019_Virginia,ACC,38,35,123.82,91.19,0.97142,55.219,44.78,14.711,1.0,1.0
2019_Texas_Tech,B12,38,31,115.917,86.41,0.96703,53.555,43.02,17.712,3.0,2.0
2019_Michigan,B10,37,30,115.323,86.82,0.96344,51.6126,44.15,13.94,2.0,16.0
2019_Duke,ACC,38,32,119.68,90.46,0.96185,53.652,45.09,17.5108,1.0,8.0
2019_Michigan_St_,B10,39,32,120.67,92.313,0.95616,55.219,43.94,18.5169,2.0,4.0
2019_North_Carolina,ACC,36,29,120.86,92.614,0.95517,52.978,48.986,17.28,1.0,16.0
2019_Kentucky,SEC,37,30,118.312,91.07,0.95338,53.074,46.622,18.618,2.0,8.0
2019_Purdue,B10,36,26,123.54,95.631,0.95019,53.652,49.094,15.824,3.0,8.0
2019_Tennessee,SEC,37,31,123.53,96.542,0.94471,55.318,48.148,15.824,2.0,16.0
2019_Houston,Amer,37,33,116.616,91.611,0.941111,52.1105,42.51,16.548,3.0,16.0
2019_Auburn,SEC,40,30,122.05,96.439,0.937612,54.431,51.7216,16.861,5.0,4.0
2019_Virginia_Tech,ACC,35,26,118.611,94.526,0.931513,55.614,49.094,17.39,4.0,16.0
2019_Kansas_St_,B12,34,25,108.885,89.04,0.909814,49.4236,48.254,17.4102,4.0,
2019_Florida_St_,ACC,37,29,112.539,92.112,0.909515,50.5176,47.228,18.9206,4.0,16.0
2019_Iowa_St_,B12,35,23,119.19,97.855,0.906216,54.726,48.464,16.339,6.0,
2019_Kansas,B12,36,26,113.728,93.717,0.903017,52.693,47.841,18.8194,4.0,32.0
2019_LSU,SEC,35,28,118.71,97.958,0.902018,51.2143,49.9133,17.9131,3.0,16.0
2019_Wisconsin,B10,34,23,109.082,89.85,0.902019,51.1152,45.211,14.68,5.0,
2019_Louisville,ACC,34,20,113.729,94.322,0.89622,50.9165,46.723,17.5108,7.0,
2019_UCF,Amer,33,24,113.63,94.424,0.893721,52.978,45.412,17.6115,9.0,32.0
2019_Mississippi_St_,SEC,34,23,117.713,98.06,0.891623,54.627,50.3153,19.2225,5.0,
2019_Florida,SEC,36,20,111.156,92.916,0.887624,49.8214,48.148,17.9131,10.0,32.0
2019_Wofford,SC,35,30,117.314,98.262,0.886025,57.54,49.9133,16.13,7.0,32.0
2019_Cincinnati,Amer,35,28,113.235,95.028,0.882226,49.0254,48.675,16.027,7.0,
2019_VCU,A10,33,25,105.6153,88.73,0.881227,50.1198,43.53,20.0275,8.0,
2019_Maryland,B10,34,23,112.441,94.525,0.880128,51.4135,45.916,19.4237,6.0,32.0
2019_Buffalo,MAC,36,32,114.524,96.438,0.879029,53.459,47.33,16.027,6.0,32.0
2019_Oklahoma,B12,34,20,111.354,94.323,0.870031,50.4182,47.534,17.069,9.0,32.0
2019_Oregon,P12,38,25,109.08,92.815,0.864333,52.011,46.419,17.8122,12.0,16.0
2019_Saint_Mary_s,WCC,34,22,114.126,97.451,0.860634,53.848,48.986,16.235,11.0,
2019_Nevada,MWC,34,29,113.531,97.046,0.859935,53.749,47.739,14.68,7.0,
2019_Syracuse,ACC,34,20,111.352,95.43,0.854836,49.6222,48.148,18.5169,8.0,
2019_Marquette,BE,34,24,112.637,97.047,0.846537,53.555,46.318,19.4237,5.0,
2019_Villanova,BE,36,26,115.521,100.193,0.838339,53.267,50.4157,16.967,6.0,32.0
2019_Mississippi,SEC,33,20,114.027,99.077,0.83514,53.171,51.0178,18.2149,8.0,
2019_Baylor,B12,34,20,115.422,100.498,0.831641,51.2143,49.11,19.7257,9.0,32.0
2019_Utah_St_,MWC,35,28,112.443,97.856,0.831342,53.946,46.52,18.2149,8.0,
2019_Iowa,B10,35,23,116.815,101.812,0.829044,52.79,51.5206,17.28,10.0,32.0
2019_Ohio_St_,B10,35,20,108.689,95.029,0.822745,50.3188,48.36,18.7186,11.0,32.0
2019_Minnesota,B10,36,22,111.157,97.553,0.817847,48.2285,49.5116,17.174,10.0,32.0
2019_New_Mexico_St_,WAC,35,30,112.936,99.281,0.815349,54.142,48.986,17.9131,12.0,
2019_Belmont,OVC,33,27,115.918,102.0123,0.81275,57.63,48.778,15.216,11.0,
2019_Washington,P12,36,27,106.5136,94.221,0.804051,52.1105,47.534,19.8262,9.0,32.0
2019_Murray_St_,OVC,33,28,111.548,99.688,0.784459,54.823,46.52,17.28,12.0,32.0
2019_Temple,Amer,33,23,110.362,98.774,0.78076,49.9208,50.6163,15.721,11.0,
2019_Arizona_St_,P12,34,23,109.674,98.772,0.769164,50.6174,48.57,18.7186,11.0,
2019_Seton_Hall,BE,34,20,108.886,98.161,0.766865,49.9208,49.6122,17.5108,10.0,
2019_UC_Irvine,BW,37,31,108.31,98.669,0.745571,51.3139,44.15,17.5108,13.0,32.0
2019_Liberty,ASun,36,29,110.265,100.6103,0.740972,55.91,48.986,17.28,12.0,32.0
2019_Vermont,AE,34,27,108.2101,99.076,0.735375,52.693,48.778,16.861,13.0,
2019_Yale,Ivy,30,22,111.647,103.5153,0.702882,55.614,47.33,17.8122,14.0,
2019_St__John_s,BE,34,21,108.398,100.6104,0.699784,51.9117,50.7165,14.36,11.0,
2019_Northeastern,CAA,34,23,110.266,103.5151,0.671998,56.55,52.1233,16.653,13.0,
2019_Northern_Kentucky,Horz,35,26,108.983,102.3134,0.670599,54.627,49.11,17.8122,14.0,
2019_Saint_Louis,A10,36,23,102.3212,96.743,0.6568108,46.7324,46.927,19.323,13.0,
2019_Georgia_St_,SB,34,24,107.7113,102.2131,0.6463114,53.749,50.3153,16.443,14.0,
2019_Old_Dominion,CUSA,35,26,100.2258,95.732,0.6309122,47.1313,45.614,17.8122,14.0,
2019_Colgate,Pat,35,24,110.264,106.422,0.5997135,55.91,50.7165,19.323,15.0,
2019_Montana,BSky,35,26,107.3123,104.1163,0.5861136,56.18,50.1143,17.39,15.0,
2019_Bradley,MVC,35,20,102.122,101.5113,0.5167153,49.722,47.636,18.8194,15.0,
2019_Abilene_Christian,Slnd,34,27,102.0224,101.6115,0.5120154,51.9117,49.8132,17.39,15.0,
2019_Gardner_Webb,BSth,35,23,107.1128,107.6242,0.4868167,54.823,50.516,17.174,16.0,
2019_North_Dakota_St_,Sum,35,19,107.7114,110.0283,0.4402192,53.555,53.63,15.721,16.0,
2019_Iona,MAAC,33,17,106.3138,109.7276,0.4123202,53.074,52.3249,17.39,16.0,
2019_Prairie_View_A_M,SWAC,35,22,102.9201,106.5223,0.4017207,49.0254,51.2192,17.4102,16.0,
2019_Fairleigh_Dickinson,NEC,35,21,105.7149,111.2299,0.3582224,54.237,52.0228,19.7257,16.0,
2019_North_Carolina_Central,MEAC,34,18,99.2277,109.1268,0.2513291,49.9208,49.9133,22.7338,16.0,
2017_Gonzaga,WCC,39,37,118.517,87.21,0.97131,56.68,41.11,16.235,1.0,2.0
2017_North_Carolina,ACC,40,33,121.69,92.49,0.95922,51.7111,48.168,16.235,1.0,1.0
2017_Villanova,BE,36,32,122.95,93.518,0.95863,57.54,48.168,17.173,1.0,32.0
2017_Florida,SEC,36,27,117.323,90.03,0.95484,51.6116,45.818,16.96,4.0,8.0
2017_Kentucky,SEC,38,32,119.113,92.37,0.94935,52.965,47.543,15.719,2.0,8.0
2017_West_Virginia,B12,37,28,116.03,90.35,0.94716,51.3136,48.894,17.067,4.0,16.0
2017_Virginia,ACC,34,23,112.548,87.92,0.94487,52.482,46.121,15.616,5.0,32.0
2017_Louisville,ACC,34,25,118.221,92.48,0.94478,51.4126,45.717,16.025,2.0,32.0
2017_Kansas,B12,36,31,122.28,95.632,0.94429,56.112,48.168,17.698,1.0,8.0
2017_Duke,ACC,37,28,122.86,96.543,0.94081,54.828,47.439,16.341,2.0,32.0
2017_SMU,Amer,35,30,120.91,95.129,0.940511,54.631,46.019,16.96,6.0,
2017_Wichita_St_,MVC,36,31,118.122,93.216,0.938212,54.234,43.84,16.235,10.0,32.0
2017_Michigan,B10,38,26,124.02,98.663,0.933313,57.06,51.9224,14.24,7.0,16.0
2017_Saint_Mary_s,WCC,34,29,118.915,94.724,0.931514,57.82,45.312,17.593,7.0,32.0
2017_Oregon,P12,39,33,118.518,94.826,0.928415,55.517,46.427,17.173,3.0,4.0
2017_Cincinnati,Amer,36,30,116.031,93.012,0.927216,52.0102,45.211,15.314,6.0,32.0
2017_Purdue,B10,35,27,117.324,94.121,0.926017,55.715,47.751,18.3151,4.0,16.0
2017_Iowa_St_,B12,35,24,120.611,97.249,0.922518,55.024,49.0101,14.13,5.0,32.0
2017_Wisconsin,B10,37,27,115.334,93.114,0.921619,52.197,47.543,17.067,8.0,16.0
2017_Oklahoma_St_,B12,33,20,127.41,103.4149,0.91712,54.039,53.2296,18.2142,10.0,
2017_Notre_Dame,ACC,36,26,120.012,97.451,0.917021,53.649,49.1109,14.02,5.0,32.0
2017_Baylor,B12,35,27,117.025,95.028,0.916822,52.575,46.121,20.6306,3.0,16.0
2017_UCLA,P12,36,31,123.53,100.59,0.914823,59.81,48.788,15.11,3.0,16.0
2017_Arizona,P12,37,32,118.42,96.542,0.913224,53.746,47.751,16.649,2.0,16.0
2017_South_Carolina,SEC,37,26,109.483,90.04,0.903925,47.3304,45.515,18.4159,7.0,4.0
2017_Butler,BE,34,25,118.519,97.857,0.900426,54.631,50.8185,15.09,4.0,16.0
2017_Florida_St_,ACC,35,26,116.129,96.237,0.896927,53.746,47.959,16.444,3.0,32.0
2017_Creighton,BE,35,25,115.235,96.238,0.887928,57.63,49.9138,17.173,6.0,
2017_Vanderbilt,SEC,35,19,113.144,94.725,0.884529,52.197,48.168,18.2142,9.0,
2017_Marquette,BE,32,19,122.57,102.9129,0.88153,57.54,52.2239,17.381,10.0,
2017_Wake_Forest,ACC,33,19,123.04,103.7157,0.877331,54.136,52.7269,16.444,11.0,
2017_Kansas_St_,B12,35,21,112.946,95.33,0.876332,52.768,49.6122,19.1219,11.0,
2017_Miami_FL,ACC,33,21,111.46,94.12,0.874533,51.0153,47.648,19.5243,8.0,
2017_Rhode_Island,A10,35,25,112.054,95.027,0.870134,50.8165,45.09,16.444,11.0,32.0
2017_Xavier,BE,38,24,116.327,98.964,0.865835,51.9106,51.6214,18.4159,11.0,8.0
2017_Minnesota,B10,34,24,110.17,93.919,0.862336,48.7242,45.11,16.13,5.0,
2017_Michigan_St_,B10,35,20,112.349,95.834,0.861137,54.039,46.729,20.5304,9.0,32.0
2017_Northwestern,B10,36,24,111.957,95.835,0.855439,49.7206,46.121,16.025,8.0,32.0
2017_Maryland,B10,33,24,114.139,98.965,0.838142,52.482,47.543,19.0213,6.0,
2017_Virginia_Tech,ACC,33,22,119.014,103.5151,0.834144,56.97,51.0191,17.278,9.0,
2017_Middle_Tennessee,CUSA,36,31,112.152,97.653,0.831946,54.136,47.959,15.616,12.0,32.0
2017_Arkansas,SEC,36,26,115.533,100.892,0.828248,51.4126,47.856,16.649,8.0,32.0
2017_Dayton,A10,32,24,111.858,97.959,0.82275,53.649,47.751,16.96,7.0,
2017_Providence,BE,33,20,108.991,95.431,0.820251,51.4126,49.6122,18.4159,11.0,
2017_Seton_Hall,BE,33,21,109.775,96.644,0.811852,49.9196,49.0101,19.5243,9.0,
2017_Nevada,MWC,35,28,114.737,101.6109,0.800855,52.575,48.377,15.515,12.0,
2017_Princeton,Ivy,30,23,108.696,96.34,0.798658,53.259,48.788,15.211,12.0,
2017_VCU,A10,35,26,108.892,96.846,0.793161,51.0153,47.543,17.8109,10.0,
2017_USC,P12,36,26,114.138,101.6106,0.792662,52.294,50.115,15.719,11.0,32.0
2017_UNC_Wilmington,CAA,35,29,118.816,105.9203,0.789163,55.024,53.2296,13.91,12.0,
2017_Vermont,AE,35,29,111.062,99.069,0.787564,55.319,48.684,17.067,13.0,
2017_East_Tennessee_St_,SC,35,27,108.21,98.061,0.757971,55.814,48.788,20.8313,13.0,
2017_Bucknell,Pat,35,26,109.187,99.881,0.734477,55.319,48.064,18.9208,13.0,
2017_New_Mexico_St_,WAC,34,28,110.368,103.3148,0.678192,52.768,47.959,19.5243,14.0,
2017_Florida_Gulf_Coast,ASun,34,26,108.893,104.3173,0.6191113,53.942,49.3116,17.9117,14.0,
2017_Winthrop,BSth,33,26,106.313,102.2116,0.6112114,53.552,46.729,17.8109,13.0,
2017_Iona,MAAC,35,22,110.269,106.7215,0.5918126,53.455,50.0145,16.547,14.0,
2017_Troy,SB,37,22,109.679,107.3225,0.5610138,51.6116,50.115,17.8109,15.0,
2017_Northern_Kentucky,Horz,35,24,106.5125,105.0186,0.5411144,52.482,49.7128,18.8199,15.0,
2017_Kent_St_,MAC,36,22,105.1158,103.716,0.5367145,48.2267,50.115,17.9117,14.0,
2017_North_Dakota,BSky,32,22,103.9176,103.415,0.5135157,53.455,50.718,18.3151,15.0,
2017_Jacksonville_St_,OVC,35,20,105.4149,105.1188,0.5083162,52.674,49.4117,20.7309,15.0,
2017_North_Carolina_Central,MEAC,34,25,102.3214,102.0113,0.5083163,51.3136,45.312,17.8109,16.0,
2017_South_Dakota_St_,Sum,35,18,109.09,110.629,0.4590184,53.259,53.8311,18.4159,16.0,
2017_New_Orleans,Slnd,32,20,100.6246,102.1115,0.4584185,50.2184,50.3157,23.7349,16.0,
2017_Mount_St__Mary_s,NEC,36,20,99.8262,102.5123,0.42502,51.0153,49.9138,19.2223,16.0,
2017_UC_Davis,BW,36,23,98.3286,101.6108,0.4062204,48.4255,48.788,20.3289,16.0,
2017_Texas_Southern,SWAC,35,23,101.8221,107.3228,0.3526225,48.1271,49.1109,16.649,16.0,
2015_Kentucky,SEC,39,38,121.86,86.11,0.98171,51.575,39.61,16.332,1.0,4.0
2015_Duke,ACC,39,35,126.83,92.811,0.97312,56.64,46.569,16.332,1.0,1.0
2015_Wisconsin,B10,40,36,130.51,95.837,0.97223,54.816,47.711,12.41,1.0,2.0
2015_Arizona,P12,38,34,119.211,89.23,0.96554,53.531,45.125,16.539,2.0,8.0
2015_Villanova,BE,36,33,123.64,93.314,0.96205,55.313,45.536,16.332,1.0,32.0
2015_Virginia,ACC,34,30,113.93,86.42,0.95996,50.696,42.34,15.713,2.0,32.0
2015_Gonzaga,WCC,37,34,122.05,95.23,0.94557,57.92,44.214,16.126,2.0,8.0
2015_Utah,P12,34,25,116.517,91.08,0.94498,55.214,43.05,18.2108,5.0,16.0
2015_North_Carolina,ACC,38,26,121.27,94.622,0.94499,51.673,45.434,18.2108,4.0,16.0
2015_Notre_Dame,ACC,38,32,127.02,100.9112,0.93351,58.31,47.9115,14.53,3.0,8.0
2015_Oklahoma,B12,35,24,113.039,90.76,0.925711,49.3155,44.111,17.679,3.0,16.0
2015_Michigan_St_,B10,39,27,117.913,94.824,0.924712,53.238,44.924,17.572,7.0,4.0
2015_Baylor,B12,33,23,117.714,95.026,0.921813,49.8123,45.848,20.1239,3.0,
2015_Wichita_St_,MVC,34,29,116.119,93.717,0.921514,50.3102,45.848,15.06,7.0,16.0
2015_Louisville,ACC,36,27,111.061,89.65,0.921015,47.7229,44.09,17.26,4.0,8.0
2015_Kansas,B12,36,27,114.927,92.912,0.920416,49.4146,44.618,19.2176,2.0,32.0
2015_Northern_Iowa,MVC,35,31,117.316,95.128,0.917417,55.99,45.641,17.888,5.0,32.0
2015_Iowa,B10,34,22,115.324,94.118,0.911918,48.121,45.641,17.154,7.0,32.0
2015_Iowa_St_,B12,34,25,119.112,98.263,0.902219,54.322,47.61,15.818,3.0,
2015_Ohio_St_,B10,35,24,115.523,95.434,0.90082,54.225,46.463,17.05,10.0,32.0
2015_Butler,BE,34,23,109.968,90.87,0.900521,48.4195,46.773,17.05,6.0,32.0
2015_Xavier,BE,37,23,117.415,97.457,0.895622,53.335,50.0212,18.1101,6.0,16.0
2015_Texas,B12,34,20,112.146,93.616,0.888323,49.1168,42.12,20.1239,11.0,
2015_Georgetown,BE,33,22,114.329,96.039,0.881324,51.377,47.189,19.2176,4.0,32.0
2015_Providence,BE,34,22,113.038,95.938,0.868725,48.4195,48.2133,18.1101,6.0,
2015_San_Diego_St_,MWC,35,26,105.0159,89.64,0.861827,46.6273,43.57,18.6133,8.0,32.0
2015_BYU,WCC,33,23,120.01,102.4134,0.861628,53.238,49.6191,16.437,11.0,
2015_West_Virginia,B12,35,25,111.95,95.535,0.860929,46.1291,52.7302,18.714,5.0,16.0
2015_Arkansas,SEC,36,27,115.026,98.365,0.85883,50.0113,48.3135,16.945,5.0,32.0
2015_SMU,Amer,33,26,112.942,96.751,0.856731,52.155,45.745,19.5203,6.0,
2015_N_C__State,ACC,36,22,115.622,99.176,0.855232,49.3155,45.536,16.022,8.0,16.0
2015_Maryland,B10,35,28,111.851,96.04,0.851933,51.28,45.536,18.9161,4.0,32.0
2015_Purdue,B10,34,21,112.149,96.344,0.851634,50.3102,45.434,19.9226,9.0,
2015_St__John_s,BE,32,20,112.147,96.954,0.842036,49.3155,46.463,15.713,9.0,
2015_Davidson,A10,31,23,120.29,104.2174,0.837337,55.412,49.3177,14.12,10.0,
2015_Georgia,SEC,33,21,109.277,94.823,0.835538,48.5193,44.415,19.2176,10.0,
2015_Indiana,B10,34,20,121.08,105.1187,0.833739,54.42,50.3224,17.26,10.0,
2015_Cincinnati,Amer,34,23,108.391,94.219,0.83314,49.5143,44.111,21.0299,8.0,32.0
2015_LSU,SEC,33,22,109.374,95.229,0.831842,50.3102,44.618,20.2252,9.0,
2015_VCU,A10,36,26,110.465,96.141,0.830143,48.7188,49.5188,15.713,7.0,
2015_Oklahoma_St_,B12,31,17,112.345,97.96,0.829244,50.2105,46.569,18.513,9.0,16.0
2015_UCLA,P12,36,22,113.434,98.972,0.828745,49.6137,48.5149,17.679,11.0,
2015_Oregon,P12,35,25,115.821,101.3114,0.823547,52.348,48.012,16.945,8.0,32.0
2015_Boise_St_,MWC,32,23,111.457,97.961,0.816149,53.238,47.61,16.126,11.0,
2015_Dayton,A10,36,27,108.883,96.649,0.797653,52.943,47.395,17.992,11.0,32.0
2015_Stephen_F__Austin,Slnd,31,26,113.137,100.6109,0.794056,55.611,49.0164,20.326,12.0,
2015_Mississippi,SEC,34,21,113.732,101.4118,0.78746,47.8224,47.61,16.539,11.0,
2015_Georgia_St_,SB,34,24,111.756,100.093,0.779764,52.061,45.848,16.332,14.0,32.0
2015_Buffalo,MAC,33,23,111.06,99.889,0.772069,48.7188,48.5149,16.743,12.0,
2015_Valparaiso,Horz,31,25,107.0112,96.547,0.766271,51.377,45.227,19.0165,13.0,
2015_UC_Irvine,BW,32,19,107.0112,98.973,0.711182,50.791,44.72,18.2108,13.0,
2015_Harvard,Ivy,28,20,104.4169,96.955,0.701388,47.1251,46.671,18.4121,13.0,
2015_New_Mexico_St_,WAC,32,21,106.2136,100.195,0.6636103,50.696,46.463,21.8319,15.0,
2015_Wofford,SC,33,26,104.7161,98.871,0.6611105,51.183,47.084,17.26,12.0,
2015_Northeastern,CAA,35,23,109.08,102.9144,0.6600106,54.518,49.8203,21.5307,14.0,
2015_Wyoming,MWC,33,23,104.3172,100.196,0.6174119,52.254,47.084,18.8152,12.0,
2015_Albany,AE,33,24,107.111,104.1169,0.5811132,49.9119,49.6191,18.8152,14.0,
2015_Eastern_Washington,BSky,32,23,112.344,109.4277,0.5742134,55.115,52.3292,15.919,13.0,
2015_UAB,CUSA,35,19,104.5167,102.1125,0.5670137,47.6231,47.61,20.1239,14.0,32.0
2015_Belmont,OVC,32,21,110.963,108.6254,0.5604141,56.55,51.3264,20.326,15.0,
2015_Coastal_Carolina,BSth,30,20,106.8115,104.8181,0.5549143,50.0113,47.711,17.572,16.0,
2015_Manhattan,MAAC,33,19,102.0221,101.0113,0.5294148,49.4146,48.1128,21.1301,16.0,
2015_North_Florida,ASun,32,20,107.3107,106.8219,0.5153157,53.629,47.9115,18.3113,16.0,
2015_North_Dakota_St_,Sum,31,21,102.8201,102.5138,0.5079162,49.7131,48.1128,16.022,15.0,
2015_Robert_Morris,NEC,35,20,102.8198,105.1186,0.4392185,50.1107,49.3177,19.822,16.0,
2015_Lafayette,Pat,32,19,112.148,116.234,0.3979211,55.81,53.5325,17.154,16.0,
2015_Texas_Southern,SWAC,35,22,104.3171,109.7284,0.3594232,49.5143,49.3177,19.7214,15.0,
2015_Hampton,MEAC,35,17,97.1301,104.0165,0.3122254,45.6303,46.463,20.2252,16.0,
