Team,Conf,G,W,ADJOE,ADJDE,BARTHAG,EFG_O,EFG_D,TOR,Seed,Result,TORD,ORB,DRB,FTR,FTRD,2P%,2P%D,3P%,3P%D,3PR,3PRD,ADJ_T,WAB
_Duke,ACC,40,35,121.81,89.16,0.97311,50.591,43.77,16.516,1.0,1.0,21.398,40.76,32.3158,37.9158,34.197,46.9202,44.136,38.523,28.32,32.9154,25.411,64.8221,+8.43
_Kansas,B12,36,33,121.02,91.011,0.96342,55.19,43.24,18.788,1.0,32.0,20.0190,38.423,31.7121,41.385,31.448,52.719,40.11,40.47,33.1112,30.7220,32.3169,67.0111,+11.71
_Syracuse,BE,35,30,118.56,91.414,0.95213,57.62,45.949,21.4229,1.0,16.0,22.067,37.137,34.3250,36.9187,25.66,57.11,46.2108,39.116,30.219,30.9213,40.2339,69.533,+7.55
_Kentucky,SEC,38,35,115.52,89.15,0.95204,53.032,43.13,20.3164,1.0,8.0,19.7211,40.94,31.8127,43.653,29.725,54.56,41.15,33.1219,31.346,31.3195,33.8224,68.170,+8.72
_Ohio_St_,B10,37,29,118.09,92.823,0.94095,56.14,47.187,17.536,2.0,16.0,21.875,29.5278,29.448,35.8219,26.48,54.83,45.162,39.017,33.7144,35.498,36.1287,64.5228,+5.68
_Kansas_St_,B12,36,28,116.914,92.018,0.94056,50.687,46.875,19.9141,2.0,8.0,23.521,40.67,34.0233,50.34,47.3312,49.0117,45.268,36.179,33.7144,32.1173,30.388,68.946,+6.76
_Baylor,B12,35,27,120.44,95.348,0.93677,54.415,44.52,20.3164,3.0,8.0,17.8297,38.226,33.2198,36.1213,34.299,53.017,41.37,38.130,33.7144,32.4168,34.4240,64.1251,+5.59
_West_Virginia,BE,38,31,117.312,92.825,0.93618,48.916,46.981,18.362,2.0,4.0,20.6150,42.02,32.1144,39.6115,39.1207,48.0158,46.1104,33.7190,32.478,34.8105,32.2162,62.0310,+8.04
_Wisconsin,B10,33,24,116.118,92.119,0.93509,51.462,46.875,14.52,4.0,32.0,19.9198,30.2252,26.43,32.5295,36.0138,50.081,45.162,35.798,34.3181,39.441,25.310,58.8340,+3.819
_Purdue,B10,35,29,109.269,87.73,0.92601,49.1151,44.826,16.312,4.0,16.0,23.424,29.4281,31.8127,38.6133,36.8157,49.795,41.68,31.8262,35.4235,30.0235,28.138,66.0162,+6.57
_BYU,MWC,35,29,117.71,94.639,0.924811,54.911,46.668,15.96,7.0,32.0,22.067,30.8227,28.123,38.9127,36.4145,51.347,44.648,41.43,33.8150,33.2149,32.3169,70.321,+4.116
_Texas_A_M,B12,33,23,112.342,91.112,0.916912,49.6131,46.774,18.469,5.0,32.0,20.6150,33.5142,29.757,48.49,35.4129,49.0117,44.957,33.8187,33.6140,34.3124,33.3203,64.6227,+4.314
_California,P10,35,24,120.43,97.88,0.916113,53.329,48.3139,17.743,8.0,32.0,18.7261,34.794,31.1101,35.4232,33.384,52.028,48.8212,37.446,31.653,30.0235,31.0114,66.8124,+1.734
_Butler,Horz,38,33,109.863,89.67,0.912514,51.08,46.668,18.788,5.0,2.0,21.682,30.4247,27.413,46.916,34.6109,50.954,46.1104,34.2167,31.758,39.837,31.6130,62.9290,+4.613
_Maryland,ACC,32,23,118.37,96.766,0.910115,51.851,45.029,16.312,4.0,32.0,21.398,35.378,36.8310,33.9269,29.623,49.984,42.210,38.622,34.0162,24.7327,31.8138,68.849,+3.323
_Georgetown,BE,34,23,116.815,95.956,0.906116,55.75,47.499,20.92,3.0,32.0,19.7211,33.1159,32.2150,37.0183,33.487,54.74,46.098,38.721,33.4127,30.2232,34.2234,65.2207,+4.315
_Clemson,ACC,32,21,111.449,91.516,0.905517,51.175,46.458,21.4229,7.0,,24.69,36.549,33.5211,34.8249,35.4129,50.954,47.3146,34.2167,29.48,33.6138,28.547,68.071,+1.537
_Xavier,A10,35,26,116.616,95.855,0.905218,52.244,45.642,18.054,6.0,16.0,17.8297,35.283,29.961,41.975,32.977,50.179,46.098,37.739,29.810,31.9181,31.2119,68.361,+2.925
_Temple,A10,35,29,108.285,89.04,0.904919,49.1151,43.02,16.818,5.0,,18.1286,32.4185,27.919,27.4339,26.910,48.4144,43.116,33.7190,28.53,31.2199,32.6179,60.0335,+5.411
_Villanova,BE,33,25,117.511,96.665,0.90462,52.244,47.499,18.996,2.0,32.0,21.1118,37.730,32.0139,43.949,49.1329,50.375,45.578,37.348,33.6140,34.5116,38.5326,70.815,+5.510
_Missouri,B12,34,23,112.143,92.322,0.903921,50.1103,45.949,17.846,10.0,32.0,27.13,34.794,38.1336,33.9269,38.9203,47.6177,45.268,36.862,31.758,33.3146,30.9111,69.139,+1.636
_Texas,B12,34,24,114.129,94.035,0.902622,51.175,44.928,18.362,8.0,,20.4164,38.915,32.1144,40.795,35.2125,50.954,43.624,34.5146,32.273,26.2305,28.445,71.211,+3.820
_Michigan_St_,B10,37,28,113.532,93.731,0.900423,51.656,46.668,21.0204,5.0,4.0,18.8256,39.89,28.425,36.9187,31.448,51.639,45.162,34.4154,32.897,26.3303,37.0299,65.3199,+3.522
_Utah_St_,WAC,34,26,116.317,96.159,0.898924,55.19,46.153,16.312,12.0,,17.6308,33.4149,27.07,29.6324,29.725,52.028,44.750,41.62,32.584,29.8244,32.9190,60.3332,-0.2061
_Minnesota,B10,35,21,114.525,94.741,0.898025,53.131,46.563,19.098,11.0,,21.398,33.4149,32.5165,33.9269,32.876,50.081,43.624,39.99,34.1169,31.7183,37.7309,65.6181,-0.3563
_Marquette,BE,34,22,115.422,95.55,0.897826,52.834,49.72,15.96,6.0,,22.067,31.2218,33.0191,34.9244,29.421,47.9161,50.0259,41.34,32.584,35.1103,28.954,62.5297,+1.735
_Northern_Iowa,MVC,35,30,109.566,90.79,0.896427,49.6131,46.668,17.948,9.0,16.0,20.4164,30.7231,26.86,37.0183,28.818,47.5182,44.750,35.4113,33.3119,37.954,35.9284,58.7342,+3.918
_Washington,P10,36,26,113.038,93.73,0.895828,49.7128,46.563,17.536,11.0,16.0,22.067,36.940,32.2150,40.990,44.6289,49.5101,45.992,33.6195,32.169,25.7311,27.126,71.710,+1.240
_Oklahoma_St_,B12,33,22,114.426,95.146,0.893529,52.441,48.1134,18.469,7.0,,19.4228,29.1287,27.919,36.5202,37.2170,52.521,45.060,34.9131,36.1266,42.119,34.2234,66.0161,+1.833
_Notre_Dame,BE,35,23,120.35,100.4125,0.88863,53.72,49.3177,16.09,6.0,,15.9341,34.794,30.578,38.1147,27.814,51.347,47.8173,38.819,34.9212,34.5116,33.3203,63.1278,+0.4545
_Georgia_Tech,ACC,35,22,109.862,91.717,0.888531,50.396,44.317,23.2313,10.0,,21.398,38.324,33.7222,37.7164,34.8116,49.0117,42.814,35.893,31.346,28.3278,35.5273,68.168,+1.439
_Florida_St_,ACC,32,22,104.5144,87.32,0.888132,50.591,43.56,24.3327,9.0,,23.618,38.128,32.4162,38.6133,34.8116,50.763,40.32,33.5199,32.897,32.1173,35.3269,65.6182,+2.826
_Tennessee,SEC,37,28,109.567,91.515,0.887133,50.687,45.235,18.996,6.0,8.0,23.133,33.5142,32.3158,35.6222,40.7232,51.835,45.782,32.0256,29.79,31.3195,38.1313,67.583,+3.917
_UNLV,MWC,33,24,111.647,93.327,0.886434,52.244,45.847,17.228,8.0,,22.743,29.0289,30.890,30.9311,47.2310,53.413,43.218,33.3207,33.7144,35.596,34.5244,66.2150,+1.043
_UTEP,CUSA,33,26,108.482,90.91,0.883935,52.834,44.621,18.788,12.0,,22.357,28.9293,30.269,39.6115,43.2274,53.413,43.422,34.3158,31.346,31.2199,34.8254,67.877,+2.329
_Pittsburgh,BE,34,25,111.846,93.729,0.883536,49.6131,44.621,19.4122,3.0,32.0,16.9331,37.038,31.1101,42.864,33.893,48.9126,43.624,34.3158,31.451,29.1261,29.159,60.9327,+3.721
_Gonzaga,WCC,33,26,112.441,95.042,0.874338,54.018,46.875,18.684,8.0,32.0,18.2279,32.0197,28.628,49.27,34.299,54.47,44.853,35.5109,33.9155,27.9281,32.6179,67.878,+2.628
_Old_Dominion,CAA,36,27,108.188,91.313,0.874139,48.8165,45.541,20.1156,11.0,32.0,22.452,42.41,30.269,30.3318,29.725,49.2109,45.888,31.7267,30.013,25.4318,35.0261,62.1309,+0.844
_Vanderbilt,SEC,32,23,114.127,96.563,0.87264,52.639,47.086,19.3116,4.0,,19.2238,32.6176,35.1278,48.310,34.5105,51.541,45.268,36.959,33.9155,29.9241,31.2119,68.169,+3.324
_Saint_Mary_s,WCC,33,27,115.919,98.692,0.864542,55.37,46.153,17.124,10.0,16.0,16.0340,34.3112,31.1101,32.7294,30.237,52.225,46.3113,40.66,30.219,35.986,23.33,66.1155,+2.031
_San_Diego_St_,MWC,32,23,111.548,95.349,0.858044,51.752,46.981,20.8189,11.0,,20.6150,40.18,31.9132,41.089,31.655,53.512,43.116,31.8262,36.1266,30.8216,34.2234,62.7295,+1.438
_New_Mexico,MWC,35,30,114.823,98.588,0.854345,50.687,49.5191,16.21,3.0,32.0,19.9198,35.474,27.210,44.934,35.0121,47.8167,49.1228,36.959,33.3119,36.576,39.8335,66.9121,+5.012
_Louisville,BE,33,20,114.824,98.69,0.852547,51.462,48.5149,20.0148,9.0,,22.357,39.89,36.9313,35.7220,41.0237,51.930,46.7127,33.7190,34.7200,39.640,32.2162,65.8171,-0.1160
_Richmond,A10,35,26,109.171,93.933,0.848448,51.175,44.214,16.92,7.0,,22.743,26.5326,35.8293,32.4297,36.2141,49.984,43.829,35.5109,30.118,36.281,31.2119,62.3302,+2.727
_Cornell,Ivy,32,27,118.08,101.9156,0.844349,56.53,48.1134,18.684,12.0,16.0,20.7142,32.1190,29.961,29.1327,38.5195,51.152,46.6124,43.21,34.3181,39.934,31.8138,64.2246,+2.032
_Florida,SEC,34,21,113.334,98.284,0.83955,49.4139,48.4144,18.576,10.0,,20.3173,37.038,32.8179,33.4282,27.713,50.666,48.3194,31.3280,32.584,32.3169,32.9190,64.1249,-0.0259
_Wake_Forest,ACC,31,20,107.695,93.628,0.831654,47.0251,43.88,21.1208,9.0,32.0,19.1244,38.817,33.7222,40.894,38.5195,47.2197,43.829,30.8298,29.26,23.3339,32.4175,68.555,+1.042
_Siena,MAAC,34,27,108.775,96.664,0.796166,49.3142,48.013,17.433,13.0,,21.682,35.569,29.551,38.7129,21.41,49.795,47.4152,32.1251,32.897,24.3333,31.3125,69.334,+1.141
_Murray_St_,OVC,34,29,107.694,95.652,0.795067,55.28,44.01,21.5238,13.0,32.0,23.816,39.213,32.8179,42.073,34.7113,54.38,41.03,38.130,34.0162,31.1204,29.568,65.5191,+0.2348
_Wofford,SC,34,25,104.8141,95.044,0.754579,49.1151,46.563,18.362,13.0,,21.398,33.6139,29.242,44.148,35.7133,47.7175,46.8129,34.8137,30.627,30.8216,30.596,63.0283,-1.772
_Houston,CUSA,34,18,112.54,103.0178,0.735585,48.1197,51.227,12.41,13.0,,23.133,30.5244,38.5339,33.9269,39.6219,45.2255,51.7314,35.6105,33.4127,35.498,29.568,71.112,-6.2137
_Sam_Houston_St_,Slnd,29,21,110.656,101.9158,0.718192,53.72,50.2228,18.893,14.0,,21.0123,33.6139,30.166,38.7129,41.2243,51.930,50.4281,37.640,33.3119,40.132,33.3203,68.751,-2.382
_Ohio,MAC,36,21,107.597,100.1118,0.6934102,49.4139,46.875,18.159,14.0,32.0,21.682,31.2218,34.2243,41.186,35.7133,46.4221,47.1135,36.570,30.729,35.693,33.2201,68.752,-7.6163
_New_Mexico_St_,WAC,33,21,111.151,105.5232,0.6448114,53.23,51.1267,17.846,12.0,,18.5267,29.9262,34.2243,38.0155,32.064,51.446,49.8249,37.545,35.7253,38.749,34.6245,70.224,-2.280
_Montana,BSky,30,20,105.5136,101.2144,0.6181128,54.216,47.611,19.1102,14.0,,19.5220,30.2252,29.654,36.8193,38.8202,51.930,44.853,39.315,36.0264,32.3169,30.491,61.6313,-4.5113
_UC_Santa_Barbara,BW,29,19,100.6202,97.471,0.5933138,50.784,48.013,22.6289,15.0,,22.067,27.6311,32.5165,45.431,39.4215,47.5182,48.9219,37.640,31.040,35.986,39.9337,65.9165,-4.0104
_Oakland,Sum,33,24,107.498,104.5212,0.5785141,49.0155,50.3235,19.7132,14.0,,18.4272,36.940,31.1101,41.186,32.469,49.889,50.0259,31.6273,33.9155,31.0210,26.215,68.848,-0.967
_Vermont,AE,35,25,103.5159,101.3147,0.5626148,48.2191,45.029,20.5179,16.0,,20.2183,36.353,33.6217,49.46,34.6109,48.5142,43.727,31.7267,32.066,27.8286,30.7105,66.4141,-4.9117
_East_Tennessee_St_,ASun,34,19,99.1231,98.896,0.5099166,47.7216,48.6154,21.1208,16.0,,24.014,35.087,33.7222,40.697,39.9225,48.0158,47.8173,31.2282,33.2116,28.8266,41.2341,67.0108,-7.9170
_Morgan_St_,MEAC,37,27,104.4146,104.3206,0.5029169,47.5227,46.563,19.098,15.0,,20.2183,39.711,34.7263,43.949,43.2274,46.5217,45.782,33.2214,32.584,27.6289,25.912,68.556,-3.797
_Lehigh,Pat,33,22,105.8128,106.3243,0.4846177,51.462,48.7155,18.469,16.0,,19.4228,29.8266,29.551,43.158,30.943,47.8167,47.0133,39.99,34.7200,29.7247,34.9257,69.142,-6.6145
_North_Texas,SB,31,22,102.717,103.5192,0.476218,50.494,47.8116,21.2219,15.0,,18.2279,32.7170,30.578,52.91,32.771,50.954,47.3146,32.8225,32.9103,30.5224,25.912,67.0112,-3.795
_Robert_Morris,NEC,35,23,100.3208,101.415,0.4702183,48.916,46.981,21.926,15.0,,23.133,34.6100,32.5165,46.021,47.8318,46.7209,46.098,36.179,32.169,29.2258,38.2316,65.7176,-6.4140
_Winthrop,BSth,31,17,90.9322,97.068,0.3217234,41.6344,45.744,18.054,16.0,,22.646,34.0127,29.860,35.3236,39.4215,42.6322,46.1104,25.8347,30.013,26.0307,35.3269,63.7266,-8.5182
_Arkansas_Pine_Bluff,SWAC,33,17,91.8315,98.285,0.3159238,44.8315,45.847,24.4329,16.0,,20.4164,35.474,27.311,47.912,54.6342,44.7273,44.546,30.0311,32.478,26.3303,30.9111,65.4194,-7.9172
