,Team,Conf,G,W,ADJOE,ADJDE,BARTHAG,EFG_O,EFG_D,TOR,Seed,TORD,ORB,DRB,FTR,FTRD,2P%,2P%D,3P%,3P%D,3PR,3PRD,ADJ_T,WAB
0,Houston,B12,34,30,124.89,88.01,0.98231,52.788,44.94,14.625,1.0,20.923,36.911,28.6111,27.2328,34.2216,47.8295,44.55,39.43,30.214,34.7285,43.4313,61.836,11.52
1,Duke,ACC,34,31,128.52,91.34,0.98082,57.45,44.53,14.419,1.0,17.1172,34.054,27.358,32.9182,25.017,57.98,43.03,38.67,31.137,44.658,38.3157,66.0272,9.55
2,Auburn,SEC,33,28,129.11,93.712,0.97563,55.725,46.011,13.46,1.0,17.415,34.25,29.7173,33.9152,38.731,55.733,46.829,35.966,29.89,40.8136,35.36,68.3133,12.71
3,Florida,SEC,34,30,127.73,94.013,0.97144,55.037,45.36,15.036,1.0,16.6209,38.55,29.0135,34.9121,32.5167,56.129,46.317,35.673,29.45,43.772,37.2119,69.959,11.23
4,Alabama,SEC,33,25,127.64,96.428,0.96205,56.314,47.95,16.7149,2.0,13.5348,33.763,29.4154,39.33,33.2187,59.74,49.095,35.393,30.419,46.634,34.642,75.11,10.14
5,Tennessee,SEC,34,27,119.319,91.13,0.95706,52.884,44.41,16.095,2.0,17.7129,35.622,30.321,35.5103,28.258,54.066,46.625,33.8175,28.73,43.479,44.6333,63.9345,9.46
6,Texas_Tech,B12,33,25,126.06,96.732,0.95457,55.527,48.053,14.83,3.0,17.1172,34.25,28.3101,29.2291,33.4197,54.555,47.957,36.74,32.489,44.562,34.642,66.1255,5.811
7,Iowa_St_,B12,33,24,118.92,92.38,0.94818,54.644,48.463,16.9159,3.0,21.615,32.2105,27.975,37.942,29.078,55.536,47.853,35.868,33.616,36.8235,40.9254,68.8108,5.417
8,Arizona,B12,34,22,123.91,96.53,0.94699,52.983,48.674,16.2108,4.0,16.2241,36.016,27.975,35.889,29.892,54.75,47.548,33.8175,34.0187,34.7285,41.327,70.351,5.416
9,Maryland,B10,33,25,117.828,92.06,0.94501,53.857,47.025,14.523,4.0,20.139,30.7155,28.296,33.1171,26.129,52.213,47.853,37.326,30.623,35.4271,36.29,69.764,5.218
10,Gonzaga,WCC,33,25,123.312,96.429,0.944311,55.725,47.537,13.24,8.0,18.0113,32.594,26.944,30.7248,29.383,57.51,48.992,35.487,30.214,33.6311,40.2232,70.547,2.832
11,Wisconsin,B10,35,26,122.414,96.126,0.941612,53.663,47.95,14.117,3.0,14.5331,28.0235,26.741,34.2144,27.749,55.241,46.932,34.812,33.3138,48.216,39.1189,67.9155,6.61
12,Michigan_St_,B10,33,27,116.836,91.85,0.940913,51.2147,46.112,16.6137,2.0,15.9265,35.328,24.79,37.744,31.5141,53.0105,49.1101,31.1319,28.02,32.9327,40.7246,67.6175,8.57
13,BYU,B12,33,24,125.57,99.153,0.937814,57.27,50.6164,17.6207,6.0,16.9187,33.763,26.432,30.4259,29.485,58.65,49.6119,36.835,35.7288,47.624,46.2349,67.6179,4.822
14,St__John_s,BE,34,30,112.67,89.12,0.936415,49.7238,46.619,15.666,2.0,21.418,37.98,29.8181,30.3265,30.7122,51.0175,46.012,30.134,30.623,31.0342,40.8248,70.154,7.98
15,Missouri,SEC,33,22,127.05,100.875,0.934316,56.218,50.717,15.244,6.0,20.139,33.572,32.3302,47.12,35.7251,56.327,51.2188,36.74,33.616,41.4122,37.8139,68.6115,3.329
16,Kentucky,SEC,33,22,123.811,98.749,0.931617,56.019,50.4151,15.244,3.0,14.1338,28.2228,26.432,35.2113,30.6119,55.634,53.9295,37.523,30.52,41.2128,43.7319,70.932,5.713
17,Purdue,B10,33,22,125.08,100.068,0.928618,56.314,52.024,15.666,4.0,17.5146,31.8121,29.7173,34.613,30.1105,55.145,55.6332,38.214,31.24,38.4182,42.6298,65.2301,4.921
18,Louisville,ACC,34,27,118.324,94.716,0.928619,53.471,49.296,16.5132,8.0,18.592,31.9116,27.154,33.7158,27.14,56.819,48.785,32.8224,34.1194,47.82,39.8215,69.291,5.514
19,Clemson,ACC,33,27,118.325,94.817,0.92732,53.663,48.989,15.775,5.0,20.043,33.763,30.4217,28.3316,27.851,52.213,49.5115,36.933,31.97,38.8176,38.0146,64.633,4.723
20,Kansas,B12,33,21,116.143,93.11,0.927221,53.178,46.214,16.7149,7.0,15.6281,30.5161,27.664,24.4353,28.155,53.0105,46.317,35.487,30.828,34.1298,40.6243,68.6116,4.225
21,Texas_A_M,SEC,32,22,115.749,93.111,0.923722,47.5315,48.258,18.2249,4.0,19.461,41.41,28.084,41.319,35.7251,48.6274,46.829,30.7328,33.3138,37.7201,46.2349,66.7221,5.515
22,Illinois,B10,33,21,122.215,98.545,0.922723,52.3103,47.332,15.883,6.0,12.436,35.819,25.82,34.4137,26.937,57.314,46.114,31.3298,33.616,47.229,30.53,71.517,4.026
23,Saint_Mary_s,WCC,33,28,115.055,92.89,0.921524,50.9167,46.214,15.139,7.0,16.3235,39.92,24.68,31.1233,25.017,51.2166,46.215,32.2256,31.552,33.232,31.89,61.9359,4.424
24,UCLA,B10,32,22,117.927,95.32,0.920525,53.08,50.5157,15.99,7.0,22.85,32.789,29.8181,32.3194,33.9206,52.8111,50.7167,35.298,32.8113,36.5245,45.0337,65.1303,3.927
25,Michigan,B10,34,25,115.154,94.415,0.907126,54.551,46.317,19.8328,5.0,15.8268,33.278,30.2205,35.794,28.465,56.72,46.012,33.2202,30.828,42.0106,39.1189,70.055,6.89
26,Baylor,B12,33,19,120.517,99.358,0.902727,51.5135,51.2196,16.1103,9.0,18.688,36.016,30.9237,30.5254,33.7201,50.9181,50.8173,34.3151,35.9306,40.1149,41.4274,64.7321,2.139
27,Mississippi,SEC,33,22,117.431,97.034,0.900228,51.1152,50.5157,12.83,6.0,20.236,25.5309,30.4217,35.3109,39.3321,51.0175,51.8215,34.812,32.595,40.0153,43.5317,68.1145,5.02
28,VCU,A10,34,28,116.242,96.025,0.900229,52.498,44.41,16.8155,11.0,20.53,36.512,30.4217,31.5219,36.6273,53.97,44.14,33.8175,30.726,47.82,35.465,66.4242,1.044
29,Georgia,SEC,32,20,116.046,95.823,0.90013,52.595,47.229,18.8289,9.0,18.0113,36.016,31.9284,40.125,30.3107,53.781,47.957,32.9218,31.658,37.0226,40.424,66.7219,2.138
30,Marquette,BE,33,23,116.739,96.531,0.898431,52.0114,49.9127,13.58,7.0,21.418,30.0178,31.0242,25.9345,30.5115,54.75,51.3196,32.6233,31.863,46.438,39.4198,67.9154,3.728
31,Mississippi_St_,SEC,33,21,118.326,98.85,0.888832,51.7122,51.9236,15.139,8.0,18.975,33.957,29.9186,31.5219,35.3238,55.536,50.3143,31.4295,35.8298,42.789,44.0322,68.2136,3.13
32,Creighton,BE,34,24,117.332,98.343,0.885033,55.823,47.025,18.1242,9.0,11.6361,26.4278,27.255,28.631,17.21,60.42,46.215,34.5137,32.6101,48.911,35.36,67.4186,3.131
33,Connecticut,BE,33,23,121.616,102.092,0.882935,55.527,48.359,17.1174,8.0,15.7275,35.525,27.874,30.8245,41.0342,57.016,45.81,34.812,35.0246,42.789,34.234,64.1339,2.335
34,North_Carolina,ACC,35,22,118.921,99.865,0.881636,54.252,49.6115,15.139,11.0,15.3301,29.1206,26.944,34.8124,30.5115,54.555,49.1101,35.673,33.5155,37.2217,38.1154,70.834,1.343
35,Xavier,BE,32,21,116.341,97.838,0.879737,53.955,50.6164,16.095,11.0,17.6135,24.4326,25.517,36.766,28.669,51.2166,50.6159,39.14,34.4214,37.6205,37.4123,69.29,0.465
36,Colorado_St_,MWC,34,25,116.934,98.646,0.876238,55.823,48.568,17.4193,12.0,16.7197,27.0262,25.82,31.6211,33.2187,56.425,47.752,36.353,33.213,42.886,38.0146,66.1259,0.748
37,Oregon,B10,33,24,115.153,97.237,0.874839,52.2105,49.193,16.2108,5.0,17.5146,30.5161,29.1141,33.0178,27.547,53.199,49.7123,34.4144,31.761,38.3186,37.8139,68.114,5.812
38,New_Mexico,MWC,33,26,111.787,94.918,0.86694,50.8172,49.296,15.666,10.0,20.332,31.3133,25.82,37.353,35.0229,50.7188,48.268,34.0164,33.8175,31.7336,38.3157,72.96,2.733
39,Vanderbilt,SEC,32,20,118.722,101.284,0.862142,51.7122,52.9275,14.728,10.0,19.849,31.6124,29.7173,33.4167,38.5306,53.586,51.4201,32.5241,36.6327,40.4142,37.7134,69.766,1.64
40,Arkansas,SEC,33,20,111.983,95.422,0.861643,52.788,48.359,16.5132,10.0,17.2168,28.123,29.9186,35.697,29.281,54.161,47.957,32.723,31.449,36.6241,38.9182,69.474,1.442
41,UC_San_Diego,BW,34,30,113.564,97.035,0.858945,55.431,47.742,13.46,12.0,23.32,25.6307,28.6111,33.4167,29.995,56.03,46.317,36.159,33.1125,49.68,44.4328,66.0267,0.947
42,Oklahoma,SEC,33,20,117.73,100.977,0.854946,54.938,51.1189,17.3185,9.0,18.2103,26.6273,31.8277,39.926,35.7251,54.161,55.0323,36.546,30.316,41.6115,42.0284,68.7111,2.237
43,Utah_St_,MWC,33,26,122.613,105.2148,0.853047,56.019,51.8232,16.095,10.0,20.139,34.737,30.321,37.058,35.6248,57.51,52.7257,34.9117,34.0187,42.692,44.4328,67.717,2.236
44,Texas,SEC,34,19,116.74,100.269,0.852249,52.595,48.463,14.318,11.0,16.4221,29.719,29.4154,36.863,38.9312,51.7146,47.853,36.256,33.8175,35.3272,36.495,67.6182,0.2551
45,San_Diego_St_,MWC,30,21,108.9121,94.314,0.839153,50.6184,45.36,16.8155,11.0,19.559,29.2204,31.0242,32.3194,37.4294,51.515,45.18,32.6233,31.24,39.6164,47.1354,66.1258,1.045
46,Liberty,CUSA,34,28,112.868,98.242,0.831056,58.42,45.99,15.348,12.0,17.0182,19.0361,28.191,30.3265,26.028,57.51,48.374,38.76,28.73,48.216,34.54,65.7283,-0.2155
47,Drake,MVC,33,30,112.573,98.544,0.822958,53.857,51.7227,18.6277,11.0,21.812,35.328,25.719,42.712,36.7276,54.161,54.4306,35.673,31.24,36.2254,38.617,59.1364,2.734
48,Memphis,Amer,34,29,111.788,98.748,0.80576,53.663,48.568,19.2304,5.0,18.975,35.328,32.3302,39.33,33.9206,52.0139,48.684,37.622,32.489,33.3316,41.0258,70.931,5.019
49,McNeese_St_,Slnd,33,27,113.465,100.774,0.796064,53.373,47.537,16.2108,12.0,21.714,34.543,31.7273,35.3109,31.9152,53.199,46.932,35.298,32.489,36.6241,46.9352,65.8281,-0.659
50,Yale,Ivy,29,22,113.961,103.7118,0.745779,54.84,48.882,14.419,13.0,16.125,32.789,25.924,31.8204,28.975,53.389,48.268,38.41,33.4149,32.2333,47.8358,67.7173,-2.673
51,Grand_Canyon,WAC,33,26,108.5127,99.56,0.731083,51.2147,47.025,18.4264,13.0,20.332,32.41,28.913,43.68,32.4163,52.6113,46.726,31.3298,32.383,33.8307,34.13,71.518,-2.672
52,High_Point,BSth,34,29,117.729,108.1213,0.726185,56.412,49.193,15.348,13.0,16.4221,33.669,30.6225,37.256,36.3263,57.314,48.992,36.643,32.9116,39.4168,35.672,66.6226,-1.767
53,Lipscomb,ASun,34,25,110.797,104.0125,0.67191,55.922,48.674,14.419,14.0,15.9265,23.7335,26.638,31.223,22.04,56.523,50.5153,36.449,31.24,47.624,37.0111,66.4238,-4.193
54,Akron,MAC,34,28,113.762,106.8186,0.6712101,55.431,49.5109,16.6137,13.0,17.3161,32.594,29.4154,27.033,33.1183,55.241,51.018,36.449,32.489,45.253,38.0146,71.519,-1.664
55,Troy,SB,33,23,106.7163,100.673,0.6614103,50.1215,47.229,19.933,14.0,19.654,38.17,31.7273,37.058,29.281,53.684,46.523,30.134,32.8113,45.056,38.3157,66.4239,-4.294
56,UNC_Wilmington,CAA,34,27,112.276,106.8184,0.6389109,52.2105,50.9178,16.095,14.0,17.1172,35.136,28.296,37.451,30.411,53.781,50.7167,32.8224,34.0187,36.4246,43.5317,65.7284,-3.281
57,Nebraska_Omaha,Sum,34,22,112.278,108.4221,0.5961126,53.568,53.1283,15.775,15.0,14.8322,29.8188,25.924,36.082,37.2291,52.1135,53.5283,35.673,35.2261,39.1172,45.0337,67.8168,-6.4132
58,Montana,BSky,34,25,112.081,109.0235,0.5785132,56.412,52.2246,16.2108,14.0,15.5288,22.5348,29.0135,35.697,32.0155,56.918,53.7289,36.353,33.616,36.8235,35.154,67.3196,-3.077
59,Wofford,SC,34,19,111.591,109.7248,0.5466145,53.373,51.8232,16.9159,15.0,14.7325,35.525,26.33,30.6252,36.4266,54.26,52.0228,34.812,34.522,47.723,46.0346,64.2335,-9.6193
60,Robert_Morris,Horz,34,26,105.9185,105.0144,0.5237149,51.3142,50.3145,18.5272,15.0,18.784,35.233,28.191,37.646,30.3107,50.7188,50.6159,34.6131,34.0187,36.7239,35.672,68.2137,-4.09
61,Bryant,AE,34,23,105.7191,105.3152,0.5111153,51.0162,47.742,16.5132,15.0,16.4221,33.859,29.5162,29.9274,30.01,51.3161,47.345,33.0213,32.595,34.7285,36.189,72.67,-7.014
62,Norfolk_St_,MEAC,34,24,106.2178,109.0238,0.4252195,52.498,49.7119,18.3254,16.0,18.688,33.18,34.6348,38.438,35.5244,54.555,49.411,30.8326,33.8175,27.636,43.1308,66.5232,-5.3116
63,SIU_Edwardsville,OVC,33,22,101.3265,105.7164,0.3797218,48.927,47.537,17.1174,16.0,17.1172,31.3133,29.7173,33.1171,33.1183,47.9293,46.317,33.1206,33.1125,36.6241,38.7174,66.2253,-7.7153
64,American,Pat,34,22,101.2267,107.4197,0.3359243,51.8119,52.1243,16.8155,16.0,17.7129,23.8334,27.461,29.0296,34.1213,51.4159,53.5283,35.298,33.8175,45.352,35.982,63.8349,-8.2167
65,Mount_St__Mary_s,MAAC,34,22,99.4298,107.5199,0.2903264,51.0162,48.053,21.7358,16.0,15.6281,30.5161,27.975,30.5254,26.129,50.3205,49.411,34.5137,31.863,41.1129,45.234,67.8163,-8.1161
66,Alabama_St_,SWAC,34,19,100.5281,109.6246,0.2704274,47.1325,50.3145,13.24,16.0,18.784,28.0235,30.8232,29.1294,38.9312,45.6338,50.8173,32.6233,33.7169,42.789,40.2232,68.0148,-10.1202
67,Saint_Francis,NEC,33,16,99.9294,112.0289,0.2116301,51.6129,51.3203,19.6321,16.0,16.2241,25.0318,29.9186,24.0357,27.851,52.6113,53.3271,33.8175,32.281,42.0106,43.1308,67.4191,-12.1242
